state_id,district_id,const_id,party_id,candidate_name,gender,age,vote_received
1,1,1,P001,योगेश कुमार भट्टराई,पुरुष,51,29479
1,1,1,P002,केशव प्रसाद दाहाल,पुरुष,67,16888
1,1,1,P034,बिष्‍णु कुमार लिम्‍बु,पुरुष,65,1591
1,1,1,P006,धन कुमार लिम्बु,पुरुष,36,395
1,1,1,P014,चन्द्र कुमार साँवा,पुरुष,48,386
1,1,1,P055,आईतराज मावोहाङ लिम्बु,पुरुष,37,323
1,1,1,P096,डिल्ली राम बिष्‍ट,पुरुष,50,241
1,1,1,P017,छविन्द्र गुरुङ,पुरुष,62,42
1,2,1,P001,वसन्त कुमार नेम्वाङ्ग,पुरुष,55,38641
1,2,1,P002,भीष्म राज आङदेम्वे,पुरुष,52,28025
1,2,1,P006,प्रेम राज लावती,पुरुष,44,1994
1,2,1,P034,सागर केरुङ,पुरुष,25,1593
1,2,1,P022,दीन नाथ घिमिरे,पुरुष,56,890
1,2,1,P055,भगि रथ लिम्वू,पुरुष,50,418
1,2,1,P096,शान्ती माया लिम्बु (शिगु),महिला,54,295
1,2,1,P017,टोम राज थाम्‍सुहाङ,पुरुष,46,194
1,2,1,P014,दिल बहादुर लावती,पुरुष,51,132
1,3,1,P001,झलनाथ खनाल,पुरुष,67,36805
1,3,1,P002,भुपेन्द्र कट्टेल,पुरुष,61,19638
1,3,1,P006,सुवास राई (चौरासे),पुरुष,35,2059
1,3,1,P017,सूर्य कुमार गुरुङ्ग,पुरुष,55,1710
1,3,1,P092,सचेन घले,पुरुष,27,830
1,3,1,P034,दिल प्रसाद नेम्वाङ,पुरुष,46,471
1,3,1,P014,मान वीर लाप्चा,पुरुष,30,430
1,3,1,P055,ललित बहादुर थेवे,पुरुष,67,171
1,3,2,P001,सुवास चन्द्र नेम्वाङ्ग,पुरुष,64,36517
1,3,2,P002,केशव थापा,पुरुष,58,26865
1,3,2,P034,दिपक कुमार योङ्गहाङ्ग,पुरुष,29,1761
1,3,2,P055,खड्ग प्रसाद पालुंवा,पुरुष,54,1308
1,3,2,P006,कृष्‍ण वहादुर खत्री,पुरुष,51,1106
1,3,2,P017,गलिन्द्र लिम्वु योङहाङ,पुरुष,50,427
1,3,2,P029,दल बहादुर राई,पुरुष,78,149
1,3,2,P014,देप कुमार जवेगु,पुरुष,35,95
1,3,2,P113,टंक मणि राई,पुरुष,44,91
1,3,2,P012,कुल बहादुर लिम्बु,पुरुष,44,70
1,4,1,P003,सुरेन्द्र कुमार कार्की,पुरुष,61,36173
1,4,1,P002,विश्व प्रकाश शर्मा,पुरुष,47,33310
1,4,1,P017,सन्तोष तामाङ्ग,पुरुष,34,1389
1,4,1,P006,भक्त वहादुर लिम्वु,पुरुष,54,1044
1,4,1,P034,धन बहादुर सुब्बा,पुरुष,36,904
1,4,1,P096,भवानी प्रसाद ढकाल,पुरुष,59,370
1,4,1,P055,दान बहादुर तामङ्ग,पुरुष,64,113
1,4,2,P001,पवित्रा निरौला (खरेल),महिला,53,45817
1,4,2,P002,उद्धव थापा,पुरुष,59,32050
1,4,2,P092,नवीन बाँस्तोला,पुरुष,41,1105
1,4,2,P034,मान बहादुर साँवा(लिम्बु),पुरुष,45,608
1,4,2,P017,अकल बहादुर तामाङ्ग,पुरुष,47,558
1,4,2,P055,प्रशुराम मगर,पुरुष,50,531
1,4,2,P096,वृज किशोर ठाकुर,पुरुष,41,416
1,4,2,P014,भक्त बहादुर बुढाथोकी,पुरुष,47,324
1,4,2,P029,महाबीर राई,पुरुष,45,272
1,4,2,P113,होमचन्द्र घिमिरे,पुरुष,47,166
1,4,2,P023,गणेश प्रसाद सिवाकोटी,पुरुष,49,110
1,4,3,P005,राजेन्द्र प्रसाद लिङ्देन,पुरुष,52,44614
1,4,3,P002,कृष्ण प्रसाद सिटौला,पुरुष,68,31171
1,4,3,P022,नवराज खरेल,पुरुष,46,1306
1,4,3,P029,सुन्दरलाल शाह,पुरुष,46,378
1,4,3,P017,श्याम बहादुर लिम्वु,पुरुष,31,299
1,4,3,P096,देवीरमण भट्टराई,पुरुष,62,224
1,4,3,P000,विरेन्द्र प्रसाद सापकोटा,पुरुष,50,192
1,4,3,P023,सुजाता ओली (उप्रेती),महिला,57,188
1,4,3,P055,सेकेन्द्र राजवँशी,पुरुष,65,161
1,4,3,P092,साजन सुब्वा,पुरुष,25,153
1,4,3,P034,मिन प्रसाद चम्लागाईँ,पुरुष,56,143
1,4,3,P012,अविचन्द्र भण्डारी,पुरुष,44,103
1,4,4,P001,लाल प्रसाद साँवा लिम्बू,पुरुष,50,43515
1,4,4,P002,देउ कुमार थेवे,पुरुष,52,26822
1,4,4,P034,ज्ञान बहादुर इम्बुङ लिम्बु,पुरुष,45,1132
1,4,4,P092,तुलसीराज उप्रेती,पुरुष,31,665
1,4,4,P006,लाहान सिं तुम्बापो,पुरुष,59,472
1,4,4,P096,तेज बहादुर थापा,पुरुष,63,332
1,4,4,P055,अर्जुन देव सेर्मा,पुरुष,37,288
1,4,4,P113,हरीभक्त संग्रौला,पुरुष,65,151
1,4,4,P017,रुद्र बहादुर राई,पुरुष,39,94
1,4,4,P111,सुभाष अधिकारी,पुरुष,41,90
1,4,4,P000,एज्ञ बहादुर खड्का,पुरुष,56,37
1,4,4,P000,पर्शुराम काफले,पुरुष,46,18
1,4,4,P000,डिल्ली प्रसाद कट्टेल,पुरुष,38,13
1,4,5,P001,के.पी शर्मा ओली,पुरुष,65,57139
1,4,5,P002,खगेन्द्र अधिकारी,पुरुष,43,28297
1,4,5,P006,सत्‍यदेव यादव,पुरुष,63,1915
1,4,5,P034,भानुभक्त भट्टराई,पुरुष,49,1380
1,4,5,P022,घनश्याम गुरागाई,पुरुष,41,642
1,4,5,P092,प्रकाश गौतम,पुरुष,50,611
1,4,5,P055,पदम बहादुर जवेगु,पुरुष,40,519
1,4,5,P014,भेषराज भट्टराई,पुरुष,36,296
1,4,5,P096,चेतनाथ थापा,पुरुष,44,257
1,4,5,P017,सान बहादुर मेचे,पुरुष,34,116
1,4,5,P113,वासु देव दुलाल,पुरुष,38,99
1,4,5,P000,प्रेम बहादुर खडका,पुरुष,41,55
1,4,5,P000,ईन्द्र प्रसाद न्यौपाने,पुरुष,52,13
1,4,5,P000,इन्द्र राज अधिकारी,पुरुष,48,6
1,5,1,P001,राजेन्द्र प्रसाद गौत्तम,पुरुष,54,32769
1,5,1,P002,दिपक खड्का,पुरुष,46,31639
1,5,1,P006,भवानी प्रसाद राई,पुरुष,53,587
1,5,1,P014,फरेन्द्र शर्म (दाहाल),पुरुष,38,230
1,5,1,P034,राज कुमार लिम्बु,पुरुष,30,191
1,5,1,P055,भरत राई (लाङछवा),पुरुष,74,168
1,5,1,P017,नरेन्द्र राज राई,पुरुष,45,125
1,5,1,P096,गोपाल राज पौडेल,पुरुष,53,117
1,5,1,P029,ललित गुरुङ्ग,पुरुष,26,87
1,5,1,P111,ट‌ंक बहादुर न्यौपाने,पुरुष,33,37
1,5,1,P000,गुप्त बहादुर श्रेष्ठ,पुरुष,57,17
1,6,1,P001,भवानी प्रसाद खापुङ,पुरुष,56,21335
1,6,1,P002,सिता गुरुङ्ग,महिला,41,19314
1,6,1,P034,शंकर मान लिम्बु,पुरुष,37,910
1,6,1,P014,टंक बहादुर भट्टराई,पुरुष,60,170
1,6,1,P006,तुलसी प्रसाद अधिकारी,पुरुष,48,156
1,6,1,P022,डिल्ली बहादुर बुढाथोकी,पुरुष,26,145
1,6,1,P055,सागर नाथ रेग्मी,पुरुष,59,97
1,6,1,P113,काली बहादुर फुदोङ,पुरुष,54,50
1,6,1,P096,गौरी प्रसाद कन्दङवा,पुरुष,64,46
1,6,1,P017,गंगा वहादुर चोङवाङ् लिम्बु,पुरुष,31,45
1,6,1,P012,हरि लाल अधिकारी,पुरुष,64,33
1,7,1,P003,सुदन किराती,पुरुष,38,34394
1,7,1,P002,उमेश जंग रायमाझी,पुरुष,48,21696
1,7,1,P022,अनिल बस्नेत,पुरुष,34,2601
1,7,1,P017,चन्द्र प्रसाद राई,पुरुष,39,480
1,7,1,P113,डिल्ली राम वोहरा,पुरुष,38,480
1,7,1,P014,युवराज कटवाल,पुरुष,26,335
1,7,1,P029,ध्रुवराज राई,पुरुष,36,303
1,7,1,P034,केदार राई मेवाहाङ,पुरुष,28,135
1,8,1,P001,राजेन्द्र कुमार राई,पुरुष,51,37333
1,8,1,P097,सुनील बहादुर थापा,पुरुष,58,26874
1,8,1,P096,सुभान सिं राई,पुरुष,40,1390
1,8,1,P034,चन्द्र सिंह लिम्वु नेम्वाङ्ग,पुरुष,39,726
1,8,1,P055,इन्द्र वहादुर रसाइली,पुरुष,70,147
1,8,1,P017,श्याम मान राई,पुरुष,48,94
1,9,1,P001,घनश्याम खतीवडा,पुरुष,56,37524
1,9,1,P002,डिग बहादुर लिम्वु,पुरुष,54,31436
1,9,1,P034,अशोक चेम्जोङ,पुरुष,32,1152
1,9,1,P006,राज कुमार लिम्‍बु,पुरुष,36,623
1,9,1,P055,फिव राज लिम्वु,पुरुष,40,197
1,9,1,P017,सुरज लिम्वु,पुरुष,33,183
1,9,1,P014,हरी प्रसाद न्यौपाने,पुरुष,53,122
1,9,1,P000,याम प्रसाद दाहाल,पुरुष,52,92
1,9,1,P104,नरेन्द्र शंसेर लिम्बु,पुरुष,59,81
1,9,1,P000,भिम बहादुर तामाङ्ग,पुरुष,79,17
1,9,2,P002,मिनेन्द्र प्रसाद रिजाल,पुरुष,60,35819
1,9,2,P001,ऋषिकेश पोखरेल,पुरुष,50,34014
1,9,2,P006,युवराज कार्की,पुरुष,63,2595
1,9,2,P029,महेन्द्र लाल दास केवरत,पुरुष,63,2082
1,9,2,P034,थिर बहादुर लिम्बु,पुरुष,71,293
1,9,2,P023,रघु हास्दा सतार,पुरुष,55,280
1,9,2,P014,दिपक कोईराला,पुरुष,45,249
1,9,2,P096,कुसुम लाल साह,पुरुष,63,210
1,9,2,P113,होम वहादुर अधिकारी,पुरुष,32,98
1,9,2,P012,सुरेन्द्र भण्डारी,पुरुष,37,93
1,9,2,P011,तेज प्रसाद ढकाल,पुरुष,33,42
1,9,2,P000,कल्पना बिमली,महिला,36,14
1,9,3,P001,भानु भक्त ढकाल,पुरुष,55,42413
1,9,3,P002,शुनिल कुमार शर्मा,पुरुष,39,40506
1,9,3,P022,उद्धिम बहादुर खड्का,पुरुष,35,1338
1,9,3,P034,भवि राज लिम्बु,पुरुष,46,1013
1,9,3,P006,केदार धिमाल,पुरुष,34,974
1,9,3,P017,बिकेन्द्र राई,पुरुष,36,417
1,9,3,P113,सीताराम बुढाथोकी,पुरुष,47,393
1,9,3,P029,कमल बहादुर गुरुङ्ग,पुरुष,39,268
1,9,3,P012,योगेन्द्र ढकाल,पुरुष,54,65
1,9,3,P000,पूर्ण वहादुर कार्की,पुरुष,42,19
1,9,3,P011,गणेश वहादुर फूयल,पुरुष,44,17
1,9,3,P000,सुरेश भण्डारी,पुरुष,37,10
1,9,3,P000,दीवाकर माझी,पुरुष,27,10
1,9,4,P003,अमन लाल मोदी,पुरुष,32,33529
1,9,4,P002,महेश आचार्य,पुरुष,63,26800
1,9,4,P029,लक्ष्मण साहु,पुरुष,44,3401
1,9,4,P096,महेश्वर कामत,पुरुष,55,1050
1,9,4,P092,अमलेश कुमार कर्ण (कायस्थ),पुरुष,40,874
1,9,4,P113,कृष्ण कुमार मुडियारी,पुरुष,30,739
1,9,4,P014,राकेश चौधरी,पुरुष,52,264
1,9,4,P112,किरण बहादुर क्षेत्रि,पुरुष,60,167
1,9,4,P011,शालीग्राम राउत,पुरुष,53,105
1,9,5,P003,शिव कुमार मंडल (केवट),पुरुष,42,22945
1,9,5,P002,अमृत कुमार अर्याल,पुरुष,58,19153
1,9,5,P006,राज कुमार यादव,पुरुष,45,18649
1,9,5,P029,बद्री प्रसाद मण्डल,पुरुष,74,1895
1,9,5,P096,कुर्वान मिंया,पुरुष,65,667
1,9,5,P113,अमोद डमजन,पुरुष,53,498
1,9,5,P000,अनिता कुमारी ढकाल,महिला,39,122
1,9,6,P001,लाल बाबु पंण्डित,पुरुष,58,33941
1,9,6,P002,डा शेखर कोइराला,पुरुष,67,33266
1,9,6,P006,राजेश्‍वर विश्‍वास,पुरुष,66,5261
1,9,6,P029,तवरेज अखतर आलम ,पुरुष,52,1118
1,9,6,P014,बीमला आर्याल,महिला,53,353
1,9,6,P096,मुन्ना खाँन,पुरुष,45,289
1,9,6,P113,मो. वेचन मिँया,पुरुष,56,230
1,9,6,P034,दुखाराम माझी,पुरुष,51,189
1,9,6,P017,पानालाल माझी,पुरुष,49,152
1,9,6,P011,सुरेन्द्र प्रसाद सापकोटा,पुरुष,67,74
1,10,1,P001,जय कुमार राई,पुरुष,49,44528
1,10,1,P006,अशोक कुमार राई,पुरुष,60,22123
1,10,1,P034,कृष्ण मान लिम्वु(थेवे),पुरुष,70,1521
1,10,1,P022,हर्कराज विष्ट,पुरुष,30,1366
1,10,1,P014,पदम बहादुर राई,पुरुष,43,742
1,10,1,P017,बल बहादुर राई,पुरुष,52,687
1,10,1,P113,टिका राम राई,पुरुष,34,454
1,10,1,P029,नरेश राई,पुरुष,31,435
1,10,1,P055,पुर्ण कला लिम्बु,महिला,48,431
1,10,1,P096,बलराम पोखरेल,पुरुष,64,299
1,10,1,P012,दिप वहादुर खड‍्का,पुरुष,66,110
1,10,1,P000,रुपक कुमार श्रेष्‍ठ,पुरुष,40,54
1,10,2,P002,सिताराम महतो,पुरुष,62,41495
1,10,2,P003,डम्मरु सुवेदी,पुरुष,42,35349
1,10,2,P006,तेज नारायण चौधरी,पुरुष,50,4834
1,10,2,P029,मुन्‍ना देवी मेहता,महिला,47,1674
1,10,2,P000,नुनु राम चौधरी,पुरुष,42,759
1,10,2,P014,उमेश कुमार थापा,पुरुष,39,650
1,10,2,P034,इन्द्र वहादुर कन्दङवा,पुरुष,50,623
1,10,2,P096,योग माया तिम्‍सिना,महिला,51,573
1,10,2,P017,दिनेश कुमार राई,पुरुष,37,380
1,10,2,P104,मोहन  कुमार  न्यौपाने ,पुरुष,73,216
1,10,2,P012,वाल कृष्ण सुवेदी,पुरुष,39,167
1,10,2,P000,विरेन्द्र कुमार मेहता,पुरुष,36,105
1,10,2,P000,नवराज सिह,पुरुष,30,67
1,10,2,P000,कुन्दन कुमार मेहता,पुरुष,26,60
1,10,2,P111,राजेन्द्र प्रसाद ढकाल,पुरुष,49,57
1,10,2,P000,प्रभु महतो,पुरुष,47,46
1,10,3,P002,विजय कुमार गच्‍छदार,पुरुष,63,38972
1,10,3,P001,भगवती चौधरी,महिला,46,38651
1,10,3,P006,पदम कुमार अधिकारी,पुरुष,47,1854
1,10,3,P000,मो. नसिरुदिन मिया,पुरुष,42,1063
1,10,3,P029,मनिष प्रसाद रौनीयार,पुरुष,29,465
1,10,3,P055,विशेश्वर यादव,पुरुष,45,165
1,10,3,P111,सन्तोष तिम्सीना,पुरुष,27,96
1,10,3,P000,कृष्ण कुमार सन्यासी,पुरुष,48,75
1,10,3,P000,विमल कुमार पौड्याल,पुरुष,45,38
1,10,4,P002,ज्ञानेन्द्र बहादुर कार्की,पुरुष,60,32347
1,10,4,P001,रमेश श्रेष्‍ठ,पुरुष,68,25750
1,10,4,P029,राम नारायण यादव,पुरुष,59,5020
1,10,4,P058,सिताराम पोदार,पुरुष,68,1089
1,10,4,P022,सन्तोष कुमार दाहाल,पुरुष,46,1037
1,10,4,P113,विर्सुलाल उराँव,पुरुष,36,747
1,10,4,P096,बेचन यादव,पुरुष,58,678
1,10,4,P104,जफर अहमद जमाली,पुरुष,53,435
1,10,4,P092,गणेश बहादुर विष्‍ट,पुरुष,44,286
1,10,4,P014,अरबिन्‍द पाठक,पुरुष,40,280
1,10,4,P034,ध्रुव कुमार खड्का,पुरुष,48,216
1,10,4,P000,हसबुल मंसुरी,पुरुष,38,137
1,10,4,P017,अडिल राई,पुरुष,35,135
1,10,4,P000,अब्दुल मिया,पुरुष,44,117
1,10,4,P073,नसिम अंसारी,पुरुष,25,34
1,10,4,P000,खुर्शीद आलम,पुरुष,51,8
1,11,1,P003,हेम कुमार राई,पुरुष,33,20747
1,11,1,P002,बल बहादुर के.सी,पुरुष,64,17294
1,11,1,P014,सुनिल खड्का,पुरुष,31,826
1,11,1,P006,लाक्पा शेर्पा,पुरुष,36,381
1,11,1,P029,राम काजी राई,पुरुष,41,128
1,11,1,P017,रुद्र बहादुर राना मगर,पुरुष,44,94
1,11,1,P011,दोर्जी शेर्पा,पुरुष,50,75
1,12,1,P001,विशाल भट्टराई,पुरुष,48,37837
1,12,1,P002,सरस्वती वजिमय,महिला,60,23465
1,12,1,P014,मदन कुमार राई,पुरुष,68,2494
1,12,1,P006,कृष्ण कुमार राई,पुरुष,62,2377
1,12,1,P029,विश्‍वास राई,पुरुष,33,252
1,12,1,P097,धर्मराज पोखरेल,पुरुष,44,197
1,12,1,P096,महेश वास्तोला,पुरुष,30,88
1,12,1,P055,गोकर्ण राई,पुरुष,55,78
1,12,1,P017,वीर लाल राई,पुरुष,44,68
1,12,1,P034,गणेश बहादुर राई,पुरुष,36,49
1,13,1,P001,यज्ञ राज सुनुवार,पुरुष,45,32580
1,13,1,P002,राम हरि खतिवडा,पुरुष,47,27327
1,13,1,P022,केशव रमतेल,पुरुष,36,665
1,13,1,P006,जुद्ध बहादुर राई,पुरुष,45,543
1,13,1,P014,प्रभु राम श्रेष्ठ,पुरुष,46,234
1,13,1,P012,कुन्ता देवी खत्री,महिला,62,106
1,13,1,P113,रुद्र कुमार फुयल,पुरुष,38,95
1,13,1,P017,वजेन्द्र राई,पुरुष,36,74
1,13,1,P109,चन्द्र विक्रम राई,पुरुष,65,64
1,14,1,P002,डा. नारायण खड्का,पुरुष,68,33142
1,14,1,P001,मन्जु कुमारी चौधरी,महिला,44,32594
1,14,1,P022,राम प्रसाद चौलागाई,पुरुष,50,1295
1,14,1,P006,गोपाल राई,पुरुष,39,1196
1,14,1,P014,विश्व राज राई,पुरुष,53,366
1,14,1,P029,राजेन्द्र राई,पुरुष,48,236
1,14,1,P096,कनक बहादुर रानामगर,पुरुष,65,155
1,14,1,P113,अम्वर बहादुर परियार,पुरुष,55,96
1,14,1,P033,गम्भीर बहादुर कार्की,पुरुष,65,90
1,14,1,P034,कसिक कुमार राई,पुरुष,39,45
1,14,2,P003,सुरेश कुमार राई,पुरुष,41,22551
1,14,2,P002,नारायण बहादुर कार्कि,पुरुष,68,15455
1,14,2,P006,विष्णु बहादुर राई दनुवार,पुरुष,54,1136
1,14,2,P096,गोपी गीरी,पुरुष,58,292
1,14,2,P017,खड्ग बहादुर किङरिङ मगर,पुरुष,51,252
1,14,2,P014,खुम्ब राज खत्री,पुरुष,43,245
1,14,2,P029,भुपेन्द्र राई,पुरुष,33,102
1,14,2,P011,नैन बहादुर कार्की,पुरुष,57,99
1,14,2,P033,शंकर कुमार राई,पुरुष,45,87
2,15,1,P006,डा.सुर्य नारायण यादव,पुरुष,58,21712
2,15,1,P003,अशोक कुमार मंडल,पुरुष,40,18225
2,15,1,P002,रामदेव साह(तेली),पुरुष,58,15225
2,15,1,P014,कृष्‍ण कुमार   गुप्‍ता ,पुरुष,34,1163
2,15,1,P096,विष्णु देव यादव,पुरुष,48,714
2,15,1,P033,चित्रसेन चौधरी थारु,पुरुष,67,412
2,15,1,P017,फजिल मंसुरी,पुरुष,45,246
2,15,1,P018,कुशेश्‍वर साह हलुवाई,पुरुष,63,163
2,15,1,P092,मोती मियाँ,पुरुष,59,158
2,15,1,P000,उमेश कुमार यादव,पुरुष,26,136
2,15,1,P000,शंभु कुमार साह,पुरुष,44,107
2,15,1,P000,श्याम मंडल,पुरुष,45,47
2,15,2,P006,उपेन्द्र यादव,पुरुष,56,21620
2,15,2,P003,उमेश कुमार यादव,पुरुष,47,11580
2,15,2,P000,जय प्रकाश ठाकुर,पुरुष,61,9459
2,15,2,P002,सकल देव सुतिहार,पुरुष,57,1840
2,15,2,P022,दुर्गानन्द मंडल,पुरुष,39,1465
2,15,2,P096,रामकिसोर मंडल,पुरुष,58,373
2,15,2,P112,भोला प्रसाद मुखिया,पुरुष,60,216
2,15,2,P000,सीताराम खत्वे,पुरुष,58,137
2,15,2,P000,चन्देश्‍वर मण्डल,पुरुष,54,123
2,15,2,P000,देशीनन्दन मंडल,पुरुष,37,92
2,15,2,P000,जिवन  कुमार   मिश्र ,पुरुष,30,77
2,15,2,P000,विकास कुमार तिवारी,पुरुष,46,73
2,15,2,P018,कमलेश्वरी खंग,महिला,38,67
2,15,2,P000,विरेन्द्र कुमार मिश्र,पुरुष,42,62
2,15,2,P011,निरो देवी ठाकुर,महिला,44,45
2,15,2,P000,संजय कुमार यादव,पुरुष,30,42
2,15,2,P000,केदार देव,पुरुष,50,26
2,15,3,P029,चन्द्रकान्त चौधरी,पुरुष,70,22584
2,15,3,P002,दिनेश कुमार यादव,पुरुष,56,19401
2,15,3,P001,ताराकान्त चौधरी,पुरुष,52,11188
2,15,3,P014,ताज महम्मद मंसुरी,पुरुष,51,693
2,15,3,P104,झवर प्रसाद राम,पुरुष,53,574
2,15,3,P096,कैलु राम(मोची),पुरुष,66,453
2,15,3,P112,लाल मोहमद राइन,पुरुष,38,177
2,15,3,P011,दिपु कुमार यादव,पुरुष,28,79
2,15,3,P000,विनोद कुमार यादव,पुरुष,60,66
2,15,3,P000,बिजय कुमार यादव,पुरुष,28,42
2,15,4,P002,तेजु लाल चौधरी,पुरुष,55,24113
2,15,4,P029,मृगेन्द्र कुमार सिंह यादव,पुरुष,62,14886
2,15,4,P001,मो. इस्लाम,पुरुष,43,14305
2,15,4,P058,रामवावु रजक,पुरुष,34,769
2,15,4,P113,सुर्य नारायण चौधरी (थारु),पुरुष,62,368
2,15,4,P104,जय कुमार साह,पुरुष,42,335
2,15,4,P014,शिव दर्शन पासवान,पुरुष,30,334
2,15,4,P000,कपिल देव यादव,पुरुष,45,117
2,15,4,P034,रामजीवन प्रसाद साह,पुरुष,41,115
2,15,4,P033,मकुन चौधरी,पुरुष,41,104
2,15,4,P000,कर्म चन्द चौधरी थारु,पुरुष,50,65
2,15,4,P000,संतोष प्रसाद सिंह,पुरुष,44,62
2,15,4,P000,राजेश कुमार यादव,पुरुष,35,9
2,16,1,P002,प्रदिप गिरी,पुरुष,67,23951
2,16,1,P001,गंगा प्रसाद यादव,पुरुष,56,21371
2,16,1,P006,राज लाल यादव,पुरुष,72,13351
2,16,1,P018,देव नरायण राम,पुरुष,49,567
2,16,1,P113,सुरेन्द्र प्रसाद साह,पुरुष,46,314
2,16,1,P014,ज्योती कुमार राय दनुवार,पुरुष,48,183
2,16,1,P011,हरिनारायण महतो,पुरुष,47,97
2,16,1,P000,ध्रुव प्रसाद साह सोनार,पुरुष,49,79
2,16,1,P096,इन्द्र प्रसाद यादव,पुरुष,45,44
2,16,1,P000,अजय कुमार यादव,पुरुष,27,42
2,16,1,P104,निर्मला देवी महतो,महिला,48,42
2,16,1,P000,इस्लाम अली,पुरुष,43,40
2,16,1,P000,संजिव कुमार ठाकुर,पुरुष,27,34
2,16,1,P000,बालेश्‍वर साह,पुरुष,48,30
2,16,2,P003,सुरेस चन्द्र दास,पुरुष,61,20148
2,16,2,P006,शत्रुधन प्रसाद सिंह,पुरुष,47,17260
2,16,2,P002,राम चन्द्र यादव,पुरुष,46,15597
2,16,2,P022,दुर्गा प्रसाद लम्साल,पुरुष,54,1777
2,16,2,P113,जितेन्‍द्र कुमार सिंह,पुरुष,36,710
2,16,2,P023,राज कुमारी देवी राय,महिला,45,506
2,16,2,P014,राम बहादुर यादव,पुरुष,48,186
2,16,2,P096,देवचन्द्र मिश्र,पुरुष,64,167
2,16,2,P000,महेश्वर यादव,पुरुष,39,94
2,16,2,P011,राज कुमार पासमान,पुरुष,45,90
2,16,2,P000,अधिक लाल यादव,पुरुष,48,70
2,16,2,P034,राम चन्द्र पाल,पुरुष,59,65
2,16,2,P000,महेश कुमार अधिकारी,पुरुष,45,33
2,16,2,P000,राम औतार पासमान,पुरुष,40,31
2,16,2,P000,पाण्डव कुमार मण्डल,पुरुष,47,21
2,16,2,P000,शुभ लाल लामा,पुरुष,41,12
2,16,3,P001,लिलानाथ श्रेष्ठ,पुरुष,60,23272
2,16,3,P006,असेश्वर यादव,पुरुष,46,21220
2,16,3,P002,अमर रेग्मी,पुरुष,64,11778
2,16,3,P022,राम सौगारथ पासमान,पुरुष,41,821
2,16,3,P023,राम लोचन  यादव ,पुरुष,41,329
2,16,3,P096,देवी लाल सदा मुसहर,पुरुष,47,228
2,16,3,P091,कमल राय,पुरुष,56,142
2,16,3,P034,रीता देवी -,महिला,38,103
2,16,3,P000,गुगली प्रसाद यादव,पुरुष,45,85
2,16,3,P000,कारी राम यादव,पुरुष,45,54
2,16,3,P000,देव नारायण महतो,पुरुष,49,40
2,16,3,P000,विक्रम कुमार साह,पुरुष,36,37
2,16,3,P000,दिनेश  कुमार  श्रेष्‍ठ,पुरुष,47,23
2,16,4,P029,राज किशोर यादव,पुरुष,44,21144
2,16,4,P003,अजय शंकर नायक,पुरुष,40,17575
2,16,4,P002,मोख्तार अहमद,पुरुष,45,10088
2,16,4,P022,राम एकवाल यादव,पुरुष,41,2219
2,16,4,P096,राम बावु यादब,पुरुष,46,411
2,16,4,P088,गंगा प्रसाद महरा,पुरुष,47,394
2,16,4,P014,चन्‍देश्‍वर पासवान,पुरुष,47,283
2,16,4,P104,जीवन साह तेली,पुरुष,41,146
2,16,4,P023,राम वहादुर यादव,पुरुष,43,115
2,16,4,P113,रामदेव कारक सुडी,पुरुष,45,86
2,16,4,P000,फुलदेव ठाकुर हजाम,पुरुष,38,55
2,16,4,P000,राम प्रकाश चमार,पुरुष,46,36
2,16,4,P000,लक्ष्मण यादव,पुरुष,44,15
2,16,4,P000,राम नारायण साह सुडी,पुरुष,57,13
2,16,4,P000,प्रताप विश्‍वकर्मा,पुरुष,29,12
2,16,4,P000,मो. ताहिर राइन,पुरुष,33,11
2,16,4,P000,मो. अलिहुसेन राइन,पुरुष,39,8
3,17,1,P001,पार्वत गुरुङ,पुरुष,49,55457
3,17,1,P002,रुद्र बहादुर खड्का,पुरुष,57,24813
3,17,1,P017,ठाकुर मान थामी,पुरुष,36,772
3,17,1,P006,लक्षुमन गुभाजु बाडा,पुरुष,29,308
3,17,1,P092,विजय बाबु शिवाकोटी,पुरुष,32,303
3,17,1,P014,वैकुन्‍ठ प्रसाद भण्‍डारी,पुरुष,45,170
3,17,1,P033,बल बहादुर दर्जी,पुरुष,51,166
3,17,1,P113,गोबिन्द काफ्ले,पुरुष,31,163
3,17,1,P055,काजी मान मोक्तान,पुरुष,63,99
3,17,1,P115,चित्र बहादुर तमाङ,पुरुष,40,61
3,17,1,P000,चटक गुरुङ्ग,पुरुष,41,44
3,17,1,P011,कृष्ण प्रसाद शिवाकोटी,पुरुष,69,31
3,17,1,P000,सुब्बा श्रेष्ठ,पुरुष,28,26
3,17,1,P000,मिङगुर शेर्पा,पुरुष,42,13
3,17,1,P000,नेत्र बहादुर के.सी,पुरुष,36,12
3,18,1,P003,श्याम कुमार श्रेष्‍ठ,पुरुष,45,42117
3,18,1,P002,पुर्ण वहादुर तमाङ्ग,पुरुष,52,35771
3,18,1,P022,मोहन  कार्की ,पुरुष,34,3285
3,18,1,P096,शमसेर बहादुर बस्‍नेत,पुरुष,63,343
3,18,1,P014,कोमल बहादुर मगर,पुरुष,49,336
3,18,1,P113,गणेश वहादुर खड्गी नेवा,पुरुष,35,278
3,18,1,P101,दिल कुमार थापा मगर,पुरुष,29,276
3,18,1,P006,अमृत बहादुर सुनुवार,पुरुष,30,270
3,18,1,P029,रिता माया कार्की,महिला,31,233
3,18,1,P017,शान्त कुमार मगर,पुरुष,25,118
3,18,1,p091,शम्भु नेपालि,पुरुष,38,55
3,18,1,P115,बिजय बुमार गोले,पुरुष,46,48
3,19,1,P001,गणेश कुमार पहाडी,पुरुष,47,32529
3,19,1,P002,प्रेमचन्द्र दाहाल,पुरुष,51,22389
3,19,1,P022,छत्र बहादुर थापा,पुरुष,45,888
3,19,1,P014,चुल बहादुर पुलामी,पुरुष,35,648
3,19,1,P113,लोकेन्द्र वहादुर कार्की,पुरुष,48,343
3,19,1,P006,टिका सिं तामाङ,पुरुष,48,236
3,19,1,P033,योगीन्द्र प्रसाद पराजुली,पुरुष,49,128
3,19,2,P003,हरिवोल प्रसाद गजुरेल,पुरुष,62,30179
3,19,2,P002,नरेन्द्र जंग थापा,पुरुष,60,18127
3,19,2,P022,सिद्धि कु श्रेष्ठ भन्ने भक्त लाल श्रेष्ठ,पुरुष,52,1272
3,19,2,P014,हरी बहादुर श्रेष्‍ठ,पुरुष,48,455
3,19,2,P074,सरगम गिरी,पुरुष,27,382
3,19,2,P006,मिन वहादुर आले,पुरुष,35,371
3,19,2,P055,कर्ण वहादुर कामी,पुरुष,33,160
3,19,2,P012,मान बहादुर लो,पुरुष,48,121
3,19,2,P113,थल प्रसाद देवकोटा,पुरुष,50,104
3,19,2,P033,पर्सु्राम प्याकुरेल,पुरुष,53,86
2,20,1,P003,मातृका प्रसाद यादव,पुरुष,59,26418
2,20,1,P006,दीपक कार्की,पुरुष,53,17296
2,20,1,P002,आनन्द प्रसाद ढुँगाना,पुरुष,67,15679
2,20,1,P000,मनोज मल्ल ठकुरी,पुरुष,48,3492
2,20,1,P000,प्रदिप साह तेली,पुरुष,38,251
2,20,1,P014,देव नारायण यादव,पुरुष,60,235
2,20,1,P000,देवनारायण महतो,पुरुष,57,222
2,20,1,P055,मेक बहादुर बलम्पाकी,पुरुष,31,212
2,20,1,P091,गोवर्धन दास तत्मा,पुरुष,64,205
2,20,1,P000,परशुराम साह,पुरुष,46,121
2,20,1,P000,सूर्य नारायण यादव,पुरुष,46,112
2,20,1,P000,राम नाथ यादव,पुरुष,42,95
2,20,1,P000,देवेन्‍द्र कुमार यादव,पुरुष,36,94
2,20,1,P000,सुर्य नारायण यादव,पुरुष,48,73
2,20,1,P000,सिनोद मंण्‍डल,पुरुष,37,66
2,20,1,P000,रामदेव यादव,पुरुष,44,62
2,20,1,P000,अरुण कुमार यादव,पुरुष,46,43
2,20,1,P000,लक्ष्मण यादव,पुरुष,45,21
2,20,2,P006,उमाशंकर अरगरिया,पुरुष,40,32044
2,20,2,P003,राम चन्द्र झा,पुरुष,63,18715
2,20,2,P002,राम कृष्ण यादव,पुरुष,55,15442
2,20,2,P096,रम अशिष यादव,पुरुष,42,666
2,20,2,P014,किरण कुमार मण्डल,पुरुष,39,307
2,20,2,P000,जित नारायण झा,पुरुष,46,216
2,20,2,P000,फुलेश्वर यादव,पुरुष,72,209
2,20,2,P018,श्री नारायण पासवान,पुरुष,48,155
2,20,2,P000,मेथला राउत ग्वार,पुरुष,53,98
2,20,2,P000,दिपेन्द्र मोरबैता,पुरुष,39,73
2,20,2,P000,राम हृदय साह,पुरुष,55,56
2,20,2,P000,रीता देवी ठाकुर,महिला,40,42
2,20,3,P029,राजेन्द्र महतो,पुरुष,58,30750
2,20,3,P002,विमलेन्द्र निधि,पुरुष,61,27847
2,20,3,P003,राम सिंह यादब,पुरुष,47,2346
2,20,3,P022,धिरेन्द्र झा,पुरुष,50,345
2,20,3,P096,असर्फी झा,पुरुष,68,325
2,20,3,P000,उपेन्‍द्र मंडल,पुरुष,48,195
2,20,3,P074,गणेश झा,पुरुष,71,157
2,20,3,P005,हुसैन कवारी,पुरुष,46,93
2,20,3,P055,राम पृत मण्डल धानुक,पुरुष,51,33
2,20,3,P000,कलम कान्त झा,पुरुष,54,31
2,20,3,P000,लक्ष्मेश्वर साह,पुरुष,41,18
2,20,3,P000,अरुण कुमार यादव,पुरुष,40,17
2,20,3,P000,भोगेन्द्र साह तेलि,पुरुष,34,14
2,20,3,P000,तेज नारायण यादव,पुरुष,50,12
2,20,3,P000,सुर्य नाथ यादव,पुरुष,37,9
2,20,3,P000,भोला दास तत्मा,पुरुष,61,9
2,20,3,P000,संजय प्रसाद यादव,पुरुष,30,6
2,20,3,P000,निलम साह,महिला,38,6
2,20,3,P000,नन्दलाल साह सुडी,पुरुष,43,5
2,20,3,P000,विरेन्द्र कुमार मिश्र,पुरुष,46,4
2,20,3,P000,नागेश्‍वर साह,पुरुष,38,4
2,20,3,P000,राज कुमार दास,पुरुष,36,4
2,20,3,P000,राम बालक मिश्र,पुरुष,42,3
2,20,3,P000,मिनु झा,महिला,35,3
2,20,3,P000,शत्रुघ्न महतो,पुरुष,41,3
2,20,3,P000,सुरज कुमार मण्डल,पुरुष,25,2
2,20,3,P000,संतोष कुमार चौधरी,पुरुष,34,2
2,20,3,P000,रमण कुमार सिंह,पुरुष,40,0
2,20,4,P001,रघुबीर महासेठ,पुरुष,56,22532
2,20,4,P002,महेन्द्र यादव,पुरुष,55,19991
2,20,4,P006,महाजन यादव,पुरुष,61,19662
2,20,4,P112,काठी महतो,पुरुष,57,284
2,20,4,P022,कोशिला देवी तत्‍मा,महिला,60,152
2,20,4,P104,सत्यनारायण सिंह,पुरुष,36,106
2,20,4,P000,मनोज कुमार साह,पुरुष,49,101
2,20,4,P000,कृष्ण चन्द्र प्रसाद साह,पुरुष,55,98
2,20,4,P000,चन्द्र मोहन यादव,पुरुष,40,68
2,20,4,P000,प्रमोद कुमार साह व्‍याहुत सुडी,पुरुष,48,54
2,20,4,P000,राम नन्दन यादव,पुरुष,40,43
2,20,4,P000,राम मनोरथ मंडल,पुरुष,36,42
2,20,4,P000,राजकुमार यादव,पुरुष,42,37
2,20,4,P000,व्रम्‍हदेव यादव,पुरुष,59,37
2,20,4,P000,राम कुमार महतो कोइरी,पुरुष,41,37
2,20,4,P055,सुरेश साह,पुरुष,43,31
2,20,4,P000,विनोद कुमार यादव,पुरुष,37,26
2,20,4,P000,संजिव कुमार साह कलवार,पुरुष,39,23
2,20,4,P000,राम पुकार महतो,पुरुष,38,22
2,20,4,P000,चन्द्रिकशोर साह,पुरुष,49,21
2,20,4,P000,दिनेश कुमार यादव,पुरुष,42,21
2,20,4,P000,सकल किशोर पंजीयार,पुरुष,37,21
2,20,4,P000,जिवछ रोशन,पुरुष,61,18
2,20,4,P000,वकिल कुमार ठाकुर,पुरुष,36,18
2,20,4,P000,सुनिल दास कथबनिया,पुरुष,36,11
2,21,1,P003,गिरिराज  मणी  पोखरेल,पुरुष,60,23776
2,21,1,P006,लझ्मी महतो,पुरुष,53,19492
2,21,1,P002,सिताराम भण्‍डारी,पुरुष,70,9475
2,21,1,P096,रामपुनित ठाकुर लोहार,पुरुष,37,245
2,21,1,P055,गनेश वहादुर आले,पुरुष,46,239
2,21,1,P014,जोगिन्द्र साह सुरि,पुरुष,55,159
2,21,1,P116,लोक ध्‍वज बस्‍नेत,पुरुष,45,111
2,21,1,P000,राम एकवाल राय,पुरुष,45,107
2,21,1,P000,राम कुमारी देबि कोइरी,महिला,54,78
2,21,1,P000,रामचन्द्र महतो,पुरुष,30,41
2,21,1,P000,वैद्यनाथ भारती,पुरुष,52,36
2,21,1,P000,होम मणी अधिकारी,पुरुष,41,35
2,21,2,P029,शरत सिंह भण्डारी,पुरुष,63,30722
2,21,2,P002,किरण यादव,महिला,50,13974
2,21,2,P003,कासिम नदाफ,पुरुष,50,3732
2,21,2,P022,दिपक कुमार लाभ कायस्त,पुरुष,49,585
2,21,2,P096,राम बाबु यादव,पुरुष,49,410
2,21,2,P058,राम इश्‍पर यादव,पुरुष,34,364
2,21,2,P014,शिव सदा,पुरुष,44,134
2,21,2,P000,प्रविण कुमार लाभ,पुरुष,42,65
2,21,2,P092,राम विनय यादव,पुरुष,48,54
2,21,2,P116,मुकेश कुमार ठाकुर,पुरुष,42,26
2,21,2,P000,राज किशोर यादव,पुरुष,46,24
2,21,2,P000,सुनिल कुमार साह,पुरुष,26,22
2,21,2,P000,योगेन्द्र प्रसाद यादव,पुरुष,58,15
2,21,2,P000,पशुपती चौधरी,पुरुष,43,13
2,21,2,P000,रामरतन यादव,पुरुष,54,11
2,21,2,P000,मुकेश कुमार कर्ण,पुरुष,34,8
2,21,2,P000,बम शंकर प्रसाद सिंह,पुरुष,47,7
2,21,2,P000,सोगारथ यादव,पुरुष,48,5
2,21,3,P029,महन्थ ठाकुर,पुरुष,75,26845
2,21,3,P001,विजय कुमार चौधरी,पुरुष,52,8676
2,21,3,P000,चन्‍देश्‍वर झा,पुरुष,63,4020
2,21,3,P018,जोगिन्द्र महतो,पुरुष,65,1884
2,21,3,P104,युसुफ साफी,पुरुष,46,1241
2,21,3,P022,शुभ नारायण मंडल,पुरुष,66,991
2,21,3,P055,राम ईकवाल मण्‍डल,पुरुष,43,337
2,21,3,P113,मोहन मंडल,पुरुष,66,289
2,21,3,P000,महेन्द्र मुखिया,पुरुष,56,187
2,21,3,P000,सिकिन्द्र मण्डल,पुरुष,43,156
2,21,3,P000,प्रेमकुमार चौधरी,पुरुष,34,73
2,21,3,P000,शिव कुमार चौधरी,पुरुष,34,58
2,21,3,P000,रामा महतो,पुरुष,45,39
2,21,3,P000,शत्रोधन महतो,पुरुष,46,36
2,21,3,P000,गणेश प्रसाद साह सुडी,पुरुष,49,32
2,21,3,P000,रमेश पासवान,पुरुष,33,31
2,21,3,P000,राजीव कुमार मिश्र,पुरुष,38,26
2,21,3,P000,रवि कुमार झा,पुरुष,26,21
2,21,3,P000,रविशंकर प्रसाद,पुरुष,47,21
2,21,3,P000,विजय कुमार चौधरी,पुरुष,45,9
2,21,4,P006,सुरेन्‍द्र कुमार यादव,पुरुष,46,18353
2,21,4,P002,महेन्‍द्र कुमार राय,पुरुष,58,13025
2,21,4,P003,मो रजी हैदर,पुरुष,58,12945
2,21,4,P000,देवेन्द्र कुमार यादव,पुरुष,48,1647
2,21,4,P014,संजय कुमार शाह,पुरुष,45,1093
2,21,4,P022,राम दयाल साह,पुरुष,57,899
2,21,4,P018,बिश्‍वेन्द्र पासवान,पुरुष,56,800
2,21,4,P113,वीरेन्द्र कुमार यादव,पुरुष,44,478
2,21,4,P055,संजय मंडल,पुरुष,29,312
2,21,4,P000,राम बली मण्डल,पुरुष,38,289
2,21,4,P088,राम सोभित सदा,पुरुष,38,209
2,21,4,P000,बिश्‍वनाथ साह,पुरुष,46,147
2,21,4,P096,विकाउ ठाकुर लोहार,पुरुष,33,121
2,21,4,P000,मो. समीउल्लाह,पुरुष,42,71
2,21,4,P000,उमेश कुमार दास,पुरुष,32,60
2,21,4,P000,मो. रफी हैदर,पुरुष,34,46
2,21,4,P000,विजयेन्‍द्र कुमार यादव,पुरुष,40,33
2,21,4,P000,दिप नारायण मण्‍डल,पुरुष,31,32
2,21,4,P000,धर्मेन्दर कुमार यादव,पुरुष,28,22
2,22,1,P029,प्रमोद साह,पुरुष,38,22036
2,22,1,P001,ध्रब प्रसाद गौतम,पुरुष,57,21465
2,22,1,P002,शम्भु लाल श्रेष्ठ,पुरुष,55,20075
2,22,1,P014,शंकर प्रसाद चौधरी,पुरुष,48,457
2,22,1,P096,भिष्म कुमार राय यादव,पुरुष,26,285
2,22,1,P000,शिबेन्द्र के.सी.,पुरुष,47,236
2,22,1,P113,धर्मराज दाहाल,पुरुष,43,213
2,22,1,P000,पुनित लाल मंडल,पुरुष,61,123
2,22,1,P011,सन्तोष गौतम,पुरुष,33,114
2,22,1,P000,मो. अस्‍फाक अंसारी,पुरुष,53,47
2,22,1,P000,भेन्द्र बहादुर मैनाली,पुरुष,65,42
2,22,1,P000,नन्दी किशोर खडका,पुरुष,40,33
2,22,1,P000,विजय कुमार साह,पुरुष,31,28
2,22,1,P091,देव नारायण महतो,पुरुष,43,28
2,22,1,P000,माधव प्रसाद अधिकारी,पुरुष,38,16
2,22,1,P000,रिता कुमारी घिसिङ्ग,महिला,28,14
2,22,2,P029,महिन्द्र राय यादव,पुरुष,80,29191
2,22,2,P002,जंगीलाल राय,पुरुष,54,18976
2,22,2,P003,दिनेश राय,पुरुष,43,8037
2,22,2,P014,पुष्प रंजितकार,पुरुष,53,1449
2,22,2,P096,सुकमारी देवी,महिला,55,420
2,22,2,P104,सीताराम साह तेली,पुरुष,62,221
2,22,2,P113,सुरेश साह कानु,पुरुष,60,204
2,22,2,P058,मीरा (विन्द्रा) देवी झा,महिला,48,156
2,22,2,P000,राज कुमार पंडित,पुरुष,34,144
2,22,2,P000,जयप्रकाश नारायण सिंह यादब,पुरुष,62,122
2,22,2,P012,नविहसन मिया मुकेरी,पुरुष,56,100
2,22,2,P000,जवाहर लाल राय,पुरुष,33,93
2,22,2,P000,रघुनाथ राय,पुरुष,51,29
2,22,2,P000,विरेन्‍द्र कुमार सिंह,पुरुष,41,22
2,22,2,P000,रामचन्द्र भगत (भण्डारी),पुरुष,37,21
2,22,2,P055,रेणु शर्मा,महिला,47,20
2,22,2,P000,राजेन्द्र राय यादव,पुरुष,67,19
2,22,2,P000,एजाउल मिया मुकेरी,पुरुष,48,13
2,22,2,P000,दिनेश राय,पुरुष,27,10
2,22,2,P000,सुनिल चौधरी कल्वार,पुरुष,38,10
2,22,2,P000,विजय कुमार कर्ण,पुरुष,46,4
2,22,2,P000,शेख मकसुद,पुरुष,61,3
2,22,2,P000,राम विश्‍वास राय,पुरुष,48,3
2,22,2,P000,शेष होमैदुर रहमान,पुरुष,68,3
2,22,3,P003,रामेश्‍वर राय यादव,पुरुष,62,22367
2,22,3,P002,हरेश प्रसाद महतो,पुरुष,45,14929
2,22,3,P000,नरेन्द्र साह कलवार,पुरुष,45,12086
2,22,3,P006,अशोक कुमार सिंह,पुरुष,45,10834
2,22,3,P113,विदुर प्रसाद खरेल,पुरुष,50,1036
2,22,3,P014,दिप लाल महतो,पुरुष,28,534
2,22,3,P000,केदार खत्री,पुरुष,48,472
2,22,3,P096,उपेन्द्र राय यादव,पुरुष,29,341
2,22,3,P104,भुपनारायण राम दास,पुरुष,42,328
2,22,3,P000,पुर्ण माया,महिला,51,322
2,22,3,P000,दिलीप कुमार महतो,पुरुष,40,128
2,22,3,P115,सुरेश योञ्जन,पुरुष,37,81
2,22,3,P000,राम लोचन राय,पुरुष,42,54
2,22,3,P000,कुवेर बहादुर बुढाथोकी,पुरुष,34,51
2,22,3,P000,रामजी राय यादव,पुरुष,37,38
2,22,3,P000,सुनिता कुमारी,महिला,37,37
2,22,3,P000,संजिव कुमार यादब,पुरुष,27,28
2,22,3,P000,भुवन दाहाल,पुरुष,31,27
2,22,3,P000,नवराज राई,पुरुष,46,14
2,22,4,P002,अमरेश कुमार सिह,पुरुष,47,29675
2,22,4,P029,राकेश कुमार मिश्र,पुरुष,43,28136
2,22,4,P058,तेज नारायण यादव,पुरुष,58,468
2,22,4,P000,रामसोगारथ महतो,पुरुष,43,460
2,22,4,P014,मनोज कुमार यादव,पुरुष,35,213
2,22,4,P000,अनिल कुमार सिंह,पुरुष,52,146
2,22,4,P112,राम जलम राय,पुरुष,31,54
2,22,4,P000,कृष्नन्दन प्रसाद राय,पुरुष,40,51
2,22,4,P000,गनेश प्रसाद सिंह,पुरुष,61,45
2,22,4,P000,चन्द्र मोहन चौधरी,पुरुष,41,16
2,22,4,P000,राम कल्याण राय,पुरुष,38,14
2,22,4,P000,राजेश कुमार मिश्र,पुरुष,32,13
2,22,4,P000,विजय कुमार ठाकुर,पुरुष,35,11
2,22,4,P000,शिब शंकर सिह,पुरुष,27,6
2,22,4,P000,सोशिल कुमार सिंह,पुरुष,35,4
3,23,1,P002,मोहन आचार्य,पुरुष,40,14453
3,23,1,P001,जर्नादन ढकाल,पुरुष,45,10278
3,23,1,P000,कवि राज डंगोल,पुरुष,38,104
3,23,1,P017,नुर्पु ग्याम्जो तमाङ,पुरुष,39,44
3,23,1,P000,विरेन्द्र कुमार उप्रेती,पुरुष,39,15
3,23,1,P000,सिदर याङजेन लामा,महिला,49,14
3,23,1,P000,शिब बहादुर लामिछाने,पुरुष,62,14
3,23,1,P115,मोहन सिंह तामाङ,पुरुष,30,8
3,23,1,P000,बिजय कुमार पौडेल,पुरुष,32,8
3,23,1,P000,शर्मिला थापा क्षेत्री,महिला,31,3
3,23,1,P000,सुजन डंगोल,पुरुष,32,1
3,24,1,P001,भुमि प्रसाद त्रिपाठी,पुरुष,52,49121
3,24,1,P002,विश्व प्रसाद अर्याल,पुरुष,48,21968
3,24,1,P000,राजन मगर,पुरुष,30,2060
3,24,1,P092,दिपेश थापा,पुरुष,32,347
3,24,1,P014,राजु  नेपाल ,पुरुष,38,336
3,24,1,P096,अजय कुमार रिमाल,पुरुष,37,294
3,24,1,P000,विश्‍वनाथ ढकाल,पुरुष,58,27
3,24,1,P000,दिपक खतिवडा,पुरुष,34,17
3,24,2,P001,खेम प्रसाद लोहनी,पुरुष,58,36256
3,24,2,P002,दिलमान पाख्रिन,पुरुष,56,35616
3,24,2,P058,राम माया परियार,महिला,45,577
3,24,2,P096,टिका राम सुनार,पुरुष,41,346
3,24,2,P017,सन्तोष कुमार तमाङ्ग,पुरुष,26,138
3,24,2,P029,सिताराम दुवाडी,पुरुष,47,100
3,24,2,P000,रुद्र बहादुर गेलाङ मगर,पुरुष,44,70
3,24,2,P034,चन्द्रिका देवी लिम्बु,महिला,35,67
3,24,2,P000,राम बहादुर सिलवाल,पुरुष,54,37
3,24,2,P000,धन बहादुर तामाङ,पुरुष,26,26
3,24,2,P000,भरत ढुं‌गाना,पुरुष,40,10
3,25,1,P003,हित बहादुर तामाङ,पुरुष,54,36473
3,25,1,P002,डा.राम शरण महत,पुरुष,66,27920
3,25,1,P096,बिमल थापा,पुरुष,52,898
3,25,1,P017,प्रदिप तामाङ,पुरुष,31,178
3,25,1,P006,उत्तम अधिकारी,पुरुष,30,162
3,25,1,P016,कृष्‍ण प्रसाद लामीछाने,पुरुष,43,138
3,25,1,P000,एलिसा थापा,महिला,26,84
3,25,1,P000,रवि गुरुङ्ग,पुरुष,36,70
3,25,1,P000,कृष्ण बहादुर तमाङ,पुरुष,45,60
3,25,1,P012,कर्न बहादुर तामाङ,पुरुष,57,45
3,25,2,P001,नारायण प्रसाद खतिवडा,पुरुष,60,36892
3,25,2,P002,अर्जुन नरसिंह के.सी.,पुरुष,70,26335
3,25,2,P022,डिल बहादुर पुडासैनी,पुरुष,49,947
3,25,2,P014,धर्म बहादुर गुरुङ,पुरुष,51,252
3,25,2,P006,सिताराम तिमल्‍सीना,पुरुष,29,209
3,25,2,P092,पुरुषोत्तम अधिकारी,पुरुष,42,205
3,25,2,P017,चन्द्र तामाङ,पुरुष,28,121
3,25,2,P113,लक्ष्मी मुडभरी चौलागाई,महिला,38,96
3,26,1,P002,प्रकाश मान सिंह,पुरुष,61,10936
3,26,1,P092,रवीन्द्र मिश्र,पुरुष,52,10118
3,26,1,P003,अनिल कुमार शर्मा,पुरुष,35,5336
3,26,1,P022,उपेन्द्र राज शर्मा काफ्ले,पुरुष,65,315
3,26,1,P073,हरिबोल भट्टराई,पुरुष,70,196
3,26,1,P058,सुमन पौडेल,पुरुष,49,174
3,26,1,P014,नारायण प्रसाद ढकाल,पुरुष,46,117
3,26,1,P029,मोहन बहादुर बस्नेत,पुरुष,55,100
3,26,1,P006,सन्तोष शिलवाल,पुरुष,35,93
3,26,1,P113,कृष्‍ण भक्त मानन्धर,पुरुष,70,51
3,26,1,P023,पुष्प राज घिमिरे शर्मा,पुरुष,49,49
3,26,1,P011,कृष्ण श्‍वरी सुवाल (माक),महिला,49,47
3,26,1,P106,भोज राज श्रेष्ठ,पुरुष,62,39
3,26,1,P012,निर्मल कुमार थापा,पुरुष,63,33
3,26,1,P000,बद्रि प्रसाद चुदाल,पुरुष,31,18
3,26,1,P117,मणिन्द्र पुरुष उपाध्याय,पुरुष,32,17
3,26,1,P000,सुर्य लाल भन्‍डारी,पुरुष,29,14
3,26,1,P000,अनिल कुमार श्रेष्ठ,पुरुष,43,12
3,26,1,P000,अशोक उप्रेती,पुरुष,61,11
3,26,1,P000,शारदा श्रेष्‍ठ,महिला,47,3
3,26,1,P000,सुवर्ण कुमार श्रेष्‍ठ,पुरुष,60,2
3,26,1,P000,रोशन कार्की,पुरुष,29,1
3,26,2,P001,माधव कुमार नेपाल,पुरुष,64,27366
3,26,2,P002,दिपक प्रसाद कुईकेल,पुरुष,50,14903
3,26,2,P092,सूर्य राज आचार्य,पुरुष,54,7437
3,26,2,P000,राजन दाहाल,पुरुष,31,279
3,26,2,P058,रामबालक साह सडी,पुरुष,56,266
3,26,2,P096,श्रीहरी चापागाई,पुरुष,39,189
3,26,2,P014,गणेश प्रसाद सिंखडा,पुरुष,41,151
3,26,2,P006,शहरमान राई,पुरुष,66,134
3,26,2,P011,राज वीर डंगोल,पुरुष,44,79
3,26,2,P113,धन बहादुर पन्त,पुरुष,50,73
3,26,2,P111,गोविन्द विष्‍ट,पुरुष,33,64
3,26,2,P029,राधा कृष्ण कार्की,पुरुष,50,63
3,26,2,P012,राजेन्द्र शर्मा,पुरुष,42,60
3,26,2,P055,नारायण वहादुर थापा,पुरुष,64,36
3,26,2,P117,शोभिता घिमिरे,महिला,25,30
3,26,2,P100,गुणकेशरी गजुरेल,महिला,52,30
3,26,2,P115,प्रेम काजी श्रेष्ठ,पुरुष,57,24
3,26,2,P000,टप वहादुर थापा,पुरुष,63,20
3,26,2,P000,रमेश कुमार भट्टराई,पुरुष,46,15
3,26,2,P000,पुरुषोत्तम चौलागाई,पुरुष,32,10
3,26,2,P000,पदम बहादुर कुँवर,पुरुष,30,9
3,26,2,P111,रचना श्रेष्ठ,महिला,25,8
3,26,2,P000,नारायण शर्मा,पुरुष,27,7
3,26,2,P000,धिरेन्द्र राज प्रसाई,पुरुष,45,2
3,26,3,P001,कृष्‍ण बहादुर राई,पुरुष,48,19169
3,26,3,P002,अम्‍विका बस्‍नेत,महिला,68,14884
3,26,3,P092,सुमित्रा सिंह लामा,महिला,55,2205
3,26,3,P022,राज कुमार विष्ट,पुरुष,41,408
3,26,3,P006,मोहन कुमार विश्वकर्मा,पुरुष,43,192
3,26,3,P014,उद्धव बहादुर सुवेदी,पुरुष,55,129
3,26,3,P096,राजेन्द्र परियार,पुरुष,35,124
3,26,3,P113,ज्ञानु खतिवडा,महिला,29,108
3,26,3,P074,माया तामाङ्ग,महिला,56,101
3,26,3,P111,स्मिता खत्री क्षेत्री,महिला,33,70
3,26,3,P011,मदन श्रेष्‍ठ,पुरुष,48,55
3,26,3,P012,श्रीराम पुडासैनी,पुरुष,41,25
3,26,3,P017,कृष्ण काजी श्रेष्‍ठ,पुरुष,58,14
3,26,3,P117,गीता दाहाल,महिला,39,11
3,26,3,P000,पान माया कार्की पौडेल,महिला,54,9
3,26,3,P000,ज्ञानु लामा तामाङ,महिला,46,8
3,26,3,P000,विन्दु मगर,महिला,50,5
3,26,4,P002,गगन कुमार थापा,पुरुष,41,21558
3,26,4,P001,राजन भट्टराई,पुरुष,49,18140
3,26,4,P092,सुबुना बस्तेन,महिला,25,3040
3,26,4,P022,गोवर्धन खड्का,पुरुष,38,154
3,26,4,P014,तुलसी राम शिवाकोटी,पुरुष,59,133
3,26,4,P006,यम बहादुर पयाङ्गु,पुरुष,56,112
3,26,4,P096,केशर बहादुर खडका,पुरुष,60,88
3,26,4,P029,हरि शरण आचार्य,पुरुष,51,63
3,26,4,P011,कृष्‍ण मान श्रेष्‍ठ,पुरुष,46,48
3,26,4,P106,वीर बहादुर श्रेष्ठ,पुरुष,49,43
3,26,4,P104,सोनाम सि तामाङग,पुरुष,36,38
3,26,4,P055,चेत बहादुर आले,पुरुष,42,28
3,26,4,P117,दिप विक्रम विष्‍ट,पुरुष,28,20
3,26,4,P000,नवराज थापा,पुरुष,40,18
3,26,4,P000,हरि पराजुलि,पुरुष,31,11
3,26,4,P000,मुस्कान पौडेल,पुरुष,49,10
3,26,4,P000,मनोज कुमार दंगाल,पुरुष,32,9
3,26,4,P000,आशिष श्रेष्‍ठ,पुरुष,31,8
3,26,4,P033,देवी प्रसाद आचार्य,पुरुष,71,6
3,26,4,P000,माधव के.सी.,पुरुष,59,6
3,26,4,P000,रविन्द्र देव ढकाल,पुरुष,40,2
3,26,5,P001,इश्वर पोखरेल,पुरुष,63,23029
3,26,5,P002,प्रकाश शरण महत,पुरुष,58,13169
3,26,5,P092,उज्वल बहादुर थापा,पुरुष,40,6853
3,26,5,P011,विर बहादुर डंगोल,पुरुष,59,636
3,26,5,P014,शारदा मल्ल राजभण्डारी,महिला,57,241
3,26,5,P022,दिपक पुन मगर,पुरुष,26,147
3,26,5,P006,लक्ष्मी राई,महिला,50,124
3,26,5,P096,बिजय थापा,पुरुष,50,121
3,26,5,P113,भरत बहादुर बुर्जा मगर,पुरुष,59,66
3,26,5,P012,छवि बहादुर खनाल,पुरुष,47,58
3,26,5,P106,नारायण नेपाली,पुरुष,46,56
3,26,5,P029,भानु कुमार खड्का,पुरुष,52,56
3,26,5,P074,गोविन्द बोहरा,पुरुष,40,53
3,26,5,P102,किरण कुमार शर्मा पौडेल,पुरुष,60,37
3,26,5,P000,जय बहादुर खत्री,पुरुष,63,20
3,26,5,P000,इन्दिरा अर्याल,महिला,57,12
3,26,5,P117,करमविर बस्नेत,पुरुष,29,11
3,26,5,P000,रमा विष्‍ट,महिला,52,10
3,26,5,P000,गीता भट्टराई,महिला,53,8
3,26,5,P000,भरत कुमार राई,पुरुष,32,3
3,26,6,P002,भिमसेन दास प्रधान,पुरुष,64,16785
3,26,6,P003,झक्कु प्रसाद सुवेदी,पुरुष,55,15485
3,26,6,P092,रमेश चिलुवाल,पुरुष,45,4225
3,26,6,P000,शैलेस राज श्रेष्‍ठ,पुरुष,51,791
3,26,6,P011,सनक मान महर्जन,पुरुष,51,541
3,26,6,P014,मान वहादुर महर्जन,पुरुष,48,431
3,26,6,P096,रविन थापा,पुरुष,25,333
3,26,6,P006,बिष्णु बस्नेत,पुरुष,36,266
3,26,6,P113,खगेन्द्र छन्त्याल,पुरुष,49,138
3,26,6,P073,महेश मान सिंह डंगोल,पुरुष,58,91
3,26,6,P012,अशोक विक्रम जि सी,पुरुष,46,65
3,26,6,P000,बल बहादुर के.सी,पुरुष,59,36
3,26,6,P000,पुन्यवती जोशी,महिला,30,29
3,26,6,P000,सुविन्द्र बस्नेत,पुरुष,44,27
3,26,6,P031,सिद्धार्थ अधिकारी,पुरुष,49,25
3,26,7,P001,राम बिर मानन्धर,पुरुष,54,18102
3,26,7,P005,विक्रम बहादुर थापा,पुरुष,64,10079
3,26,7,P092,अनुपा श्रेष्ठ,महिला,43,5376
3,26,7,P006,ज्ञानेन्‍द्र मोहन श्रेष्‍ठ,पुरुष,48,1781
3,26,7,P014,ईश्‍वर रिजाल,पुरुष,39,728
3,26,7,P022,कुमार खाकी श्रेष्ठ,पुरुष,46,362
3,26,7,P096,आकाश ढकाल,पुरुष,29,261
3,26,7,P011,कशी नारायण डंगोल,पुरुष,52,193
3,26,7,P000,निमा फिन्‍जो लामा,पुरुष,41,147
3,26,7,P113,बन्धु देव पाण्डे,पुरुष,51,131
3,26,7,P073,प्रकाश  कुँवर,पुरुष,44,108
3,26,7,P012,अर्जुन कुमार आचार्य,पुरुष,53,106
3,26,7,P000,हरि बहादुर प्रसाई,पुरुष,45,30
3,26,7,P000,उर्मिला राउत (विष्‍ट),महिला,45,11
3,26,8,P001,जीवन राम श्रेष्‍ठ,पुरुष,51,13397
3,26,8,P002,नविन्द्र राज जोशी,पुरुष,56,12953
3,26,8,P092,पुकार बम,पुरुष,30,4414
3,26,8,P000,मनोज कुमार खड्गी(नेवा),पुरुष,46,437
3,26,8,P014,केशव प्रसाद तझया,पुरुष,57,274
3,26,8,P113,किरण राज शाही (खड्गी),पुरुष,61,240
3,26,8,P096,दिनेश शाहि,पुरुष,41,202
3,26,8,P011,कृष्ण माया मानन्धर,महिला,42,139
3,26,8,P104,विजय डंगोल,पुरुष,42,35
3,26,9,P001,कृष्ण गोपाल श्रेष्ठ,पुरुष,59,22852
3,26,9,P002,ध्यान गोविन्द रंजित,पुरुष,70,14802
3,26,9,P092,मिलन पाण्‍डे,पुरुष,28,4946
3,26,9,P011,हरि शरण श्रेष्‍ठ,पुरुष,57,434
3,26,9,P113,शान्ता पण्डित,महिला,45,402
3,26,9,P006,शर्मिला सुवाल (डंगोल),महिला,41,402
3,26,9,P014,भीम कुमार महर्जन,पुरुष,51,281
3,26,9,P096,जनक कार्की,पुरुष,68,219
3,26,9,P029,काहीला महर्जन,पुरुष,66,176
3,26,9,P105,खगेश रंजितकार,पुरुष,48,173
3,26,9,P073,प्रधुम्न कार्की,पुरुष,47,171
3,26,9,P012,लाल बहादुर थापा क्षत्री,पुरुष,40,117
3,26,9,P059,रविन कुमार लामा,पुरुष,41,83
3,26,9,P000,किरण श्रेष्‍ठ,पुरुष,38,16
3,26,10,P002,राजेन्द्र कुमार के.सी.,पुरुष,59,24190
3,26,10,P003,हितमान शाक्य,पुरुष,54,21907
3,26,10,P092,प्रदीप ढकाल,पुरुष,26,2003
3,26,10,P022,कृष्ण कुमार श्रेष्‍ठ,पुरुष,51,1757
3,26,10,P014,पञ्च लाल महर्जन,पुरुष,39,1195
3,26,10,P073,प्रणय सिंह,पुरुष,44,927
3,26,10,P011,हरि कुमार महर्जन,पुरुष,55,366
3,26,10,P113,सुरेश श्रेष्‍ठ,पुरुष,38,278
3,26,10,P006,राम लाल श्रेष्ठ,पुरुष,43,193
3,26,10,P096,कृष्‍ण प्रसाद श्रेष्‍ठ,पुरुष,50,165
3,26,10,P029,अर्जुन कुमार रन्जित,पुरुष,51,108
3,26,10,P012,गणेश बहादुर कुवँर,पुरुष,42,100
3,26,10,P059,प्रकाश बस्नेत,पुरुष,48,85
3,26,10,P104,टोकोल तामाङ्ग,महिला,48,38
3,26,10,P000,श्याम कृष्‍ण बस्नेत,पुरुष,35,29
3,27,1,P011,प्रेम सुवाल,पुरुष,57,33076
3,27,1,P002,बाबु राजा जोशी,पुरुष,63,17818
3,27,1,P003,मिलन सुवाल,पुरुष,37,15374
3,27,1,P092,दिपेश न्यौपाने,पुरुष,34,2330
3,27,1,P096,मिना परियार,महिला,46,662
3,27,1,P100,दिपा खत्री,महिला,28,296
3,27,1,P012,राजेश गोसाई,पुरुष,42,292
3,27,1,P014,राम सुन्दर हयौमिखा,पुरुष,26,265
3,27,1,P113,कृष्ण प्रसाद घेमोसु,पुरुष,38,186
3,27,1,P000,निल कण्ठ थापा,पुरुष,51,81
3,27,1,P000,गोपाल दास बनेपाली,पुरुष,61,64
3,27,1,P000,जितेन्द्र खायमली,पुरुष,38,21
3,27,2,P001,महेश बस्नेत,पुरुष,42,36412
3,27,2,P002,दमन नाथ ढुङ्गाना,पुरुष,74,18687
3,27,2,P011,अनुराधा थापा मगर,महिला,35,5471
3,27,2,P092,शशी बिक्रम कार्की,पुरुष,35,1784
3,27,2,P022,बसन्त बहादुर खत्री,पुरुष,69,300
3,27,2,P096,तारा कुमारी बास्कोटा,महिला,41,147
3,27,2,P014,श्री राम  खाइजु ,पुरुष,42,125
3,27,2,P012,शिवहरि खनाल,पुरुष,41,61
3,27,2,P055,दिल बहादुर तामाङ्ग,पुरुष,37,52
3,27,2,P000,धर्म राज थापा,पुरुष,51,22
3,27,2,P000,सुरेन्द्र था श्रेष्ठ,पुरुष,42,20
3,27,2,p091,कमला बर्देवा,महिला,34,15
3,27,2,P000,कृष्ण प्रसाद न्यौपाने,पुरुष,50,13
3,28,1,P001,नव राज सिलवाल,पुरुष,54,26951
3,28,1,P002,उदय शंशेर ज.ब.राणा,पुरुष,47,20729
3,28,1,P022,विक्रम बहादुर खड्का,पुरुष,61,515
3,28,1,P092,केशव प्रसाद तिमल्सिना,पुरुष,46,255
3,28,1,P113,श्याम के.सी.,पुरुष,36,122
3,28,1,P006,उत्तम कुमार लामा,पुरुष,50,121
3,28,1,P014,दीपक लामा,पुरुष,42,95
3,28,1,P104,योगेन्‍द्र तामाङ घिसिङ,पुरुष,39,94
3,28,1,P096,ओम कुमारी आचार्य,महिला,47,66
3,28,1,P103,कुमार श्रेष्ठ,पुरुष,30,40
3,28,1,P011,सुर्य लक्ष्मी प्रजापति,महिला,34,38
3,28,1,P115,इन्द्र बहादुर वाइवा तामाङ,पुरुष,55,23
3,28,1,P000,आकाश कुमार भुम्जन,पुरुष,42,20
3,28,1,P000,गुन बहादुर थापा,पुरुष,50,17
3,28,1,P000,राजेन्द्र तामाङ,पुरुष,32,8
3,28,1,P000,श्याम कुमार घिमिरे,पुरुष,43,7
3,28,1,P000,विकास थिंङ तामाङ्ग,पुरुष,34,4
3,28,1,P000,टेक प्रसाद बजगाँई,पुरुष,48,3
3,28,1,P000,गोकुल तिमल्सिना,पुरुष,27,3
3,28,1,P000,रबिन सिल्वाल,पुरुष,38,3
3,28,1,P000,राम चन्द्र आचार्य,पुरुष,57,1
3,28,2,P001,कृष्ण लाल महर्जन,पुरुष,62,27713
3,28,2,P002,चन्द्र महर्जन,पुरुष,63,16945
3,28,2,P092,अमिर राज महर्जन,पुरुष,50,5408
3,28,2,P014,रत्न महर्जन,पुरुष,48,963
3,28,2,P006,सुरेन्द्र मान शाक्य,पुरुष,62,960
3,28,2,P096,श्‍याम लाल श्रेष्‍ठ,पुरुष,49,237
3,28,2,P029,लक्ष्मण शाही,पुरुष,32,155
3,28,2,P100,उर्मिला के.सी.,महिला,65,149
3,28,2,P011,रविना सुवाल,महिला,36,144
3,28,2,P055,सुरोज अवाले,पुरुष,37,50
3,28,2,P103,ठाकुर बहादुर बुढाथोकी,पुरुष,41,35
3,28,2,P000,हेरा शोभा महर्जन,महिला,45,26
3,28,2,P000,राजेन्द्र महर्जन,पुरुष,36,22
3,28,3,P003,पम्फा भुसाल,महिला,55,24036
3,28,3,P002,मदन बहादुर अमात्य,पुरुष,66,22328
3,28,3,P092,उज्वल कृष्ण श्रेष्ठ,पुरुष,46,7628
3,28,3,P022,राम प्रसाद भट्ट,पुरुष,46,2121
3,28,3,P014,दल बहादुर लिम्बु,पुरुष,56,894
3,28,3,P096,श्याम प्रसाद तिमल्सिना,पुरुष,60,689
3,28,3,P006,हेम राज शाक्य,पुरुष,33,628
3,28,3,P000,गोमा के सी थापा,महिला,37,304
3,28,3,P029,प्रमोद के. सी.,पुरुष,29,181
3,28,3,P012,दिप राम महर्जन,पुरुष,57,181
3,28,3,P055,रघु थापा मगर,पुरुष,40,108
3,28,3,P011,मिलन तुलाधर,पुरुष,52,101
3,28,3,P000,राम लाल महर्जन,पुरुष,37,15
3,29,1,P003,गंगा  बहादुर  तामाङ ,पुरुष,46,43631
3,29,1,P002,तिर्थ बहादुर लामा,पुरुष,44,39605
3,29,1,P022,दान बहादुर थापा,पुरुष,55,3133
3,29,1,P058,भुपेन्द्र ढुंगाना,पुरुष,52,955
3,29,1,P092,भुषण कुमार श्रेष्ठ,पुरुष,32,784
3,29,1,P113,खेजराज  न्यौपाने ,पुरुष,67,430
3,29,1,P006,धन वहादुर तामाङ,पुरुष,34,291
3,29,1,P029,भिम बहादुर रुम्वा,पुरुष,51,134
3,29,1,P011,कृष्ण वहादुर तामाङ,पुरुष,46,134
3,29,1,P014,तिलक बहादुर लामा,पुरुष,36,108
3,29,1,P073,मोहन वहादुर रायमाझी,पुरुष,61,44
3,29,1,P104,राज कुमार शाह,पुरुष,29,34
3,29,1,P105,सुन्तला काजी श्रेष्‍ठ,पुरुष,61,33
3,29,1,P115,शान्ता तामाङ,महिला,41,14
3,29,1,P000,नोर्वु लामा(तामाङ),पुरुष,50,13
3,29,2,P001,गोकुल प्रसाद वाँस्कोटा,पुरुष,47,55526
3,29,2,P002,मधु प्रसाद आचार्य,पुरुष,53,36753
3,29,2,P058,सरस्वती त्रिपाठी,महिला,63,1106
3,29,2,P092,बिलास थापा,पुरुष,37,877
3,29,2,P022,सुरथ चौलागाई,पुरुष,59,725
3,29,2,P011,कृष्‍ण कुमार वैद्य,पुरुष,56,707
3,29,2,P014,कृष्‍ण कुमार भण्डारी,पुरुष,36,315
3,29,2,P029,प्रदिप कुमार प्रजापती,पुरुष,35,206
3,29,2,P113,सौरब राज कायस्थ,पुरुष,50,153
3,29,2,P006,सिद्धि बहादुर जोशी,पुरुष,59,127
3,29,2,P000,शुदर्सन हुमागाई,पुरुष,45,61
3,30,1,P003,अग्नि प्रसाद सापकोटा,पुरुष,59,40504
3,30,1,P002,मोहन बहादुर बस्नेत,पुरुष,59,29798
3,30,1,P000,हस्त बहादुर विश्वकर्मा,पुरुष,51,1702
3,30,1,P006,जगत वहादुर तामाङ्ग,पुरुष,35,283
3,30,1,P012,दिर्ग बहादुर सुवेदी,पुरुष,45,248
3,30,1,P096,राजेन्द्र गिरी,पुरुष,41,151
3,30,1,P014,श्याम बाबु गौतम,पुरुष,28,125
3,30,1,P059,सोम नोर्बु शेर्पा,पुरुष,33,110
3,30,1,P109,साङ डोल्मा तामाङ लामा,महिला,40,108
3,30,1,P011,किरण शाक्‍य,पुरुष,25,83
3,30,1,P099,लाक्पा दोर्जे लामा,पुरुष,48,77
3,30,1,P113,टेक बहादुर जोशी,पुरुष,50,37
3,30,1,P104,पुर्ण बहादुर श्रेष्‍ठ,पुरुष,46,22
3,30,2,P001,शेर बहादुर तामाङग,पुरुष,48,38401
3,30,2,P097,पशुपति शम्शेर ज.ब.रा,पुरुष,75,30369
3,30,2,P096,चन्द्र दत्त खतिवडा,पुरुष,44,1341
3,30,2,P022,विर बहादुर तामाङ्‍ग,पुरुष,49,1279
3,30,2,P092,जयराम  भण्डारी ,पुरुष,41,153
3,30,2,P014,विदुर प्रसाद चौलागाई,पुरुष,43,130
3,30,2,P000,चन्द्र बहादुर तामाङ,पुरुष,68,68
3,30,2,P113,कुमार वोगटी,पुरुष,26,55
3,30,2,P012,बाल कृष्ण तिमल्सिना,पुरुष,35,38
3,31,1,P001,कृष्‍ण प्रसाद दहाल,पुरुष,54,40631
3,31,1,P005,कमल थापा,पुरुष,62,34658
3,31,1,P022,कुमार बहादुर संजेल,पुरुष,62,1419
3,31,1,P092,सरोज कोइराला,पुरुष,27,1356
3,31,1,P000,केशवराज बानियाँ,पुरुष,59,467
3,31,1,P006,कृष्ण कुमार घलान,पुरुष,46,263
3,31,1,P055,इन्द्र मान थिङ,पुरुष,32,238
3,31,1,P113,दिल बहादुर घिसिङ,पुरुष,45,184
3,31,1,P014,प्रल्‍हाद लामिछाने,पुरुष,44,171
3,31,1,P096,राम कृष्‍ण सापकोटा,पुरुष,41,84
3,31,1,P012,ओविन्द्र बहादुर लुइटेल,पुरुष,61,59
3,31,1,P017,विनिता तामाङ,महिला,41,53
3,31,1,P011,साधना राना मगर,महिला,28,51
3,31,1,P000,फणिन्द्र कुमार तिमल्सीना,पुरुष,43,48
3,31,1,P104,राजेश लामा,पुरुष,39,32
3,31,1,P000,देव आनन्द रेग्मी,पुरुष,40,12
3,31,2,P001,विरोध खतिवडा,पुरुष,57,46481
3,31,2,P002,महालक्ष्मी उपाध्याय(डिना),महिला,53,34090
3,31,2,P014,सोनाम सिं स्‍याङतान,पुरुष,44,621
3,31,2,P092,सिहं बहादुर मोक्तान,पुरुष,34,469
3,31,2,P012,रामहरी धिताल,पुरुष,42,286
3,31,2,P113,सागर उप्रेती,पुरुष,33,195
3,31,2,P000,रण संग्राम विष्‍ट,पुरुष,53,192
3,31,2,P017,जीवन स्‍याङतान,पुरुष,35,144
3,31,2,P000,अरुण वतौला,पुरुष,29,87
3,31,2,P055,हरी सिङ्ग वाईवा,पुरुष,70,58
3,31,2,P000,बिकास नेपाल,पुरुष,25,22
2,32,1,P029,अनिल कुमार झा,पुरुष,50,21472
2,32,1,P002,कृष्‍ण प्रसाद यादव,पुरुष,50,15874
2,32,1,P003,सत्य नारायण भगत बीन,पुरुष,48,12331
2,32,1,P000,बबन सिहं,पुरुष,40,1669
2,32,1,P018,मटुक हजरा,पुरुष,45,416
2,32,1,P058,हरि चरण शाह,पुरुष,60,338
2,32,1,P053,अमर प्रसाद यादव,पुरुष,51,152
2,32,1,P036,संगीता कुमारी,महिला,30,121
2,32,1,P011,हरेन्द्र राय यादव,पुरुष,42,85
2,32,1,P000,शैलेन्द्र सिंह,पुरुष,43,82
2,32,1,P014,राजनारायण साह,पुरुष,42,74
2,32,1,P000,अरविन्द राय यादव,पुरुष,49,56
2,32,1,P000,ऋषिकेश सिंह राजपुत,पुरुष,44,32
2,32,1,P088,रामदेव राय यादव,पुरुष,70,32
2,32,1,P091,नारायण दास,पुरुष,48,25
2,32,1,P000,रामनरेश राय यादव,पुरुष,38,18
2,32,1,P000,दिपेन्द्र कुमार झा,पुरुष,44,12
2,32,1,P000,विगु भगत महरा,पुरुष,51,11
2,32,1,P000,फेकु दास,पुरुष,29,10
2,32,1,P000,मनोज कुमार पाण्डेय,पुरुष,41,8
2,32,1,P000,रघुनाथ सहनी मलाह,पुरुष,45,6
2,32,1,P000,संजय कुमार यादव,पुरुष,43,5
2,32,1,P000,देवेन्‍द्र झा,पुरुष,45,5
2,32,1,P000,हरिहर मुखिया बिन,पुरुष,60,5
2,32,1,P000,ब्रहमा नन्द झा,पुरुष,58,5
2,32,1,P000,रामपुजन राय,पुरुष,29,4
2,32,1,P000,बैधनाथ सहनी,पुरुष,35,4
2,32,1,P000,भुषण ठाकुर हजाम,पुरुष,40,4
2,32,1,P000,रामाकान्त राय यादव,पुरुष,33,4
2,32,1,P000,लिला नाथ झा,पुरुष,58,3
2,32,1,P000,बैजु राय यादव,पुरुष,32,3
2,32,2,P002,मोहम्मद आफताब आलम,पुरुष,55,18833
2,32,2,P006,किरण कुमार साह,पुरुष,39,16865
2,32,2,P001,मो. मुस्ताक अ‍ालम,पुरुष,51,13883
2,32,2,P058,नथुनी मण्‍डल,पुरुष,59,709
2,32,2,P022,शेख यार महमद,पुरुष,63,483
2,32,2,P000,रामस्वरुप सिन्हा,पुरुष,65,336
2,32,2,P023,रामाशंकर प्रसाद कुशवाहा,पुरुष,46,230
2,32,2,P027,भोला हजरा,पुरुष,72,204
2,32,2,P091,दशै बैठा धोवी,पुरुष,46,144
2,32,2,P012,शेख सलाउदीन,पुरुष,45,93
2,32,2,P011,मानजोगी कुमारी,महिला,48,71
2,32,2,P104,शेख मोहमद अर्सद अलि शेख,पुरुष,38,45
2,32,2,P096,देव नाथ महतो,पुरुष,47,43
2,32,2,P000,महम्द सजिम अंसारी,पुरुष,39,29
2,32,2,P000,मो. रीजवान आलम,पुरुष,34,18
2,32,2,P000,शेख सहुब,पुरुष,63,16
2,32,2,P000,शेख हिजवुला,पुरुष,45,15
2,32,2,P000,रामबाबु प्रसाद साह,पुरुष,38,14
2,32,3,P003,प्रभु साह,पुरुष,46,27799
2,32,3,P002,सुनिल कुमार यादव,पुरुष,37,18206
2,32,3,P029,अ‍ोमप्रमाश -,पुरुष,44,14658
2,32,3,P058,मनोज कुमार पटेल,पुरुष,45,362
2,32,3,P096,शंकर महतो कोइरी,पुरुष,58,289
2,32,3,P018,संजय महतो,पुरुष,40,282
2,32,3,P000,अशोक पाण्‍डे,पुरुष,30,67
2,32,3,P000,अनरवा देवी,महिला,61,57
2,32,3,P012,सोनफी महतो,पुरुष,46,53
2,32,3,P000,दिपेन्‍द्र महतो कोइरी,पुरुष,36,49
2,32,3,P000,जसिया देवी,महिला,53,34
2,32,3,P011,विनोद कुमार साह,पुरुष,32,21
2,32,3,P000,नन्दकिशोर राय यादव,पुरुष,34,17
2,32,3,P000,नागेन्द्र प्रसाद साह,पुरुष,45,12
2,32,3,P000,ठागा दास,पुरुष,39,9
2,32,3,P000,प्रभु महतो,पुरुष,45,7
2,32,3,P000,अबरारुल हक,पुरुष,35,7
2,32,3,P000,नागेन्द्र राय यादव,पुरुष,28,5
2,32,3,P000,मोहन साह,पुरुष,42,5
2,32,3,P000,रामजन्म राय यादव,पुरुष,38,5
2,32,3,P000,राम एकवाल,पुरुष,48,4
2,32,3,P000,शम्भु साह तेली,पुरुष,31,4
2,32,3,P000,रामाकुमारी देवी,महिला,37,3
2,32,3,P000,राजेश कुमार साह,पुरुष,33,3
2,32,4,P002,देव प्रसाद तिमलसेना,पुरुष,47,28228
2,32,4,P001,डा बंशीधर मिश्र,पुरुष,59,23006
2,32,4,P029,कन्थमनी प्रसाद कलवार,पुरुष,49,7881
2,32,4,P022,अनवरी खाँ,महिला,44,607
2,32,4,P104,कनिजा खातुन,महिला,37,146
2,32,4,P096,मोहन दास तात्मा,पुरुष,50,80
2,32,4,P113,शिव शंकर पाण्डेय,पुरुष,33,79
2,32,4,P092,नुद प्रसाद तिमल्सिना,पुरुष,39,52
2,32,4,P011,बैद्यनाथ प्रसाद चौधरी,पुरुष,43,41
2,32,4,P023,विरेन्द्र राय यादव,पुरुष,31,32
2,32,4,P000,बलीराम सहनी,पुरुष,61,25
2,32,4,P000,किशोरी सहनी,पुरुष,37,18
2,32,4,P000,सुनिल कुमार झा,पुरुष,47,17
2,32,4,P000,मनोज कुमार मिश्र,पुरुष,46,6
2,32,4,P000,कल्याण कार्की,पुरुष,36,6
2,32,4,P000,पुरुषोतम मिश्र,पुरुष,43,6
2,32,4,P000,कृष्णनन्दन साह तेली,पुरुष,42,6
2,32,4,P000,शिवशंकर चौलागाई,पुरुष,28,4
2,33,1,P002,उमाकान्त चौधरी,पुरुष,51,24450
2,33,1,P001,अच्युत प्रसाद मैनाली,पुरुष,52,22030
2,33,1,P029,रामकिशोर प्रसाद यादव,पुरुष,47,20144
2,33,1,P092,सन्नी लामा,पुरुष,34,200
2,33,1,P113,राम अयोध्या प्रसाद कलवार,पुरुष,60,139
2,33,1,P014,हमिद मंसुरी,पुरुष,44,102
2,33,1,P012,पारस ठाकुर हजाम,पुरुष,63,78
2,33,1,P000,रामअधिकार प्रसाद यादव,पुरुष,35,26
2,33,1,P000,शिव प्रसाद रिजाल,पुरुष,46,22
2,33,1,P000,गणेश राज शिवाकोटी,पुरुष,51,19
2,33,1,P000,गांन्धी दास तत्मा,पुरुष,42,12
2,33,2,P006,रामसहाय प्रसाद यादव,पुरुष,47,28185
2,33,2,P002,राधे चन्द्र यादव,पुरुष,76,15790
2,33,2,P003,शिवचन्द्र प्रसाद कुशवाहा,पुरुष,51,10546
2,33,2,P058,शम्‍भु हजरा दुसाद,पुरुष,34,545
2,33,2,P014,तेज बहादुर भगत,पुरुष,36,439
2,33,2,P027,राजु प्रसाद साह कलवार,पुरुष,27,298
2,33,2,P096,पचल राउत बरै,पुरुष,57,214
2,33,2,P000,राम सरण हजरा,पुरुष,76,77
2,33,2,P000,संजय प्रसाद यादव,पुरुष,46,73
2,33,2,P000,मंजारुल अंसारी,पुरुष,44,57
2,33,2,P000,मुनिल प्रसाद यादव,पुरुष,26,51
2,33,2,P000,श्रीभगवान प्रसाद यादव,पुरुष,44,41
2,33,2,P000,जियालाल प्रसाद साह,पुरुष,43,39
2,33,3,P006,रामवावु कुमार यादव,पुरुष,42,21336
2,33,3,P001,अदयानन्द पाण्डेय,पुरुष,51,16362
2,33,3,P002,फरमुल्लाह मंसुर,पुरुष,62,16086
2,33,3,P023,गोपाल दास,पुरुष,53,463
2,33,3,P011,सरल मिया जोल्हा,पुरुष,70,415
2,33,3,P012,दिपक प्रसाद चौधरी,पुरुष,52,354
2,33,3,P104,बृजेश कुमार पाण्डेय,पुरुष,51,287
2,33,3,P096,गोपाल हजरा दुसाद,पुरुष,47,231
2,33,3,P014,हिरदय नारायण प्रसाद कुशवाहा,पुरुष,46,192
2,33,3,P055,ब्रहमदेव प्रसाद यादव,पुरुष,48,64
2,33,3,P000,मनोज प‌डित कुम्हार,पुरुष,34,50
2,33,3,P000,बिष्‍णु प्रसाद ढुङ्गना,पुरुष,56,45
2,33,4,P029,एक‍वाल मियाँ,पुरुष,48,22275
2,33,4,P001,देवनारायण थारु,पुरुष,56,20607
2,33,4,P002,लालबाबु सि‌ह भुइहार,पुरुष,56,14516
2,33,4,P096,गिर्जालाल हजरा दुसाद,पुरुष,46,828
2,33,4,P014,चन्देश्‍वर प्रसाद साह,पुरुष,38,704
2,33,4,P092,निरोज पूडासैनी,पुरुष,29,547
2,33,4,P000,छोटेलाल साह,पुरुष,49,258
2,33,4,P012,वालाकृष्‍ण शर्मा,पुरुष,49,155
2,33,4,P101,लक्ष्मी सा तेली,पुरुष,65,90
2,33,4,P000,मोजाहिर अं‌सारी,पुरुष,69,88
2,33,4,P000,जफरुल मियाँ,पुरुष,47,37
2,33,4,P000,राधाकृष्‍ण चौधरी,पुरुष,46,28
2,34,1,P006,प्रदिप यादव,पुरुष,42,21132
2,34,1,P002,अनिल कुमार रुगंटा,पुरुष,48,16481
2,34,1,P001,विचारी प्रसाद यादव,पुरुष,51,5418
2,34,1,P022,जितेन्द्र कुमार सिंह,पुरुष,28,608
2,34,1,P104,महम्‍मद कदम रसुल,पुरुष,60,311
2,34,1,P096,गजेन्द्र देव ठकु श्रेष्‍ठ,पुरुष,73,147
2,34,1,P000,छैदी  लाल यादव,पुरुष,58,118
2,34,1,P092,महमद रजा,पुरुष,31,104
2,34,1,P012,नुरआलम अंसारी,पुरुष,45,58
2,34,1,P033,शंकर प्रसाद चौरसिया,पुरुष,60,41
2,34,1,P000,विन्दु कुमारी श्रेष्ठ,महिला,43,36
2,34,1,P112,महमद मुमताज आलम,पुरुष,35,27
2,34,1,P000,समसुदीन मियाँ,पुरुष,46,25
2,34,1,P011,सरोज कुमार साह,पुरुष,34,24
2,34,1,P000,जाजुल अंसारी,पुरुष,42,21
2,34,1,P000,अनिल कुमार थापा,पुरुष,30,13
2,34,1,P000,दीप कुमार बर्मा,पुरुष,35,8
2,34,1,P000,फिरोज अहमद,पुरुष,33,7
2,34,1,P000,रोशन वैध,पुरुष,32,6
2,34,1,P000,रामअजोध्या महरा,पुरुष,42,5
2,34,1,P000,सफरोज अहमद मंसुरी,पुरुष,28,4
2,34,1,P000,प्रदीप वर श्रेष्‍ठ,पुरुष,52,4
2,34,2,P006,बिमल प्रसाद श्रीवास्तव,पुरुष,66,21169
2,34,2,P002,अजय कुमार चौरसिया,पुरुष,52,19704
2,34,2,P003,महमद सलिम मंसुर,पुरुष,59,6729
2,34,2,P000,सत्यनारायण प्रसाद,पुरुष,51,619
2,34,2,P058,किरण वाला बर्मा,महिला,50,494
2,34,2,P096,चन्द्रप्रभाकर प्रसाद,पुरुष,28,161
2,34,2,P000,नन्द किशोर ठाकुर,पुरुष,57,115
2,34,2,P112,जलेश्‍वर साह सोनार,पुरुष,38,80
2,34,2,P000,मनोहर प्रसाद यादव,पुरुष,36,51
2,34,2,P000,योगेन्द्र प्रसाद यादव,पुरुष,50,32
2,34,2,P000,म. ज्याउल हक हवारी,पुरुष,34,28
2,34,2,P000,शेख नवीहुसेन,पुरुष,25,22
2,34,2,P000,जितेन्द्र प्रसाद यादव,पुरुष,31,21
2,34,2,P000,रमेश प्रसाद यादव,पुरुष,33,14
2,34,2,P000,महमद कलिम मंसुरी,पुरुष,41,6
2,34,3,P006,हरिनारायण प्रसाद सा रौनियार,पुरुष,54,15168
2,34,3,P002,सुरेन्‍द्र प्रसाद चौधरी,पुरुष,59,13801
2,34,3,P001,राज कुमार गुप्ता,पुरुष,46,10986
2,34,3,P104,राज कुमार यादव,पुरुष,49,10009
2,34,3,P018,नुरआलम अंसारी,पुरुष,39,232
2,34,3,P000,पारस गिरी,पुरुष,59,164
2,34,3,P096,ओम प्रकाश यादव,पुरुष,29,142
2,34,3,P000,विरेन्द्र प्रसाद कोईरी,पुरुष,62,101
2,34,3,P000,प्रदिप कुमार रौनियार,पुरुष,36,74
2,34,3,P011,इसलाम मिया,पुरुष,47,66
2,34,3,P000,अजय कुमार गुप्ता,पुरुष,40,53
2,34,3,P000,शम्भु ठाकुर,पुरुष,32,27
2,34,3,P000,धुरेन्द्र पटेल,पुरुष,26,25
2,34,3,P000,शिवजी प्रसाद गुप्‍ता,पुरुष,63,15
2,34,4,P029,लक्ष्मण लाल कर्ण,पुरुष,70,20738
2,34,4,P002,रमेश रिजाल,पुरुष,60,14702
2,34,4,P003,उर्मिला अर्याल,महिला,61,9617
2,34,4,P104,ईमदाद गद्दी,पुरुष,29,2789
2,34,4,P000,संतोष कुमार साह,पुरुष,28,1130
2,34,4,P058,राजकपुर साह कानु,पुरुष,39,378
2,34,4,P096,हृदयनारायण प्रसाद कुशवाहा,पुरुष,40,192
2,34,4,P011,साहव मिँया तेली,पुरुष,35,71
2,34,4,P000,रामाकान्त प्रसाद चौधरी,पुरुष,31,65
2,34,4,P000,मुमताज अहमद गद्दी,पुरुष,43,49
2,34,4,P000,मोहपतीया दुसाधीन,महिला,65,29
2,34,4,P000,सुनिल कुमार वाग्‍ले,पुरुष,49,16
2,34,4,P000,बनारसी राउत अहिर,पुरुष,43,15
3,35,1,P001,सुरेन्द्र प्रसाद पाण्डे,पुरुष,59,51080
3,35,1,P002,राजेन्द्र प्रसाद वुर्लाकोटी,पुरुष,58,35360
3,35,1,P092,निरज रेग्मी,पुरुष,37,718
3,35,1,P014,जनार्दन दुवाडी,पुरुष,51,163
3,35,1,P029,अर्जुन प्रसाद बर्तौला,पुरुष,58,140
3,35,1,P012,ईन्द्र प्रसाद पाध्या पौडेल,पुरुष,62,136
3,35,1,P113,घन नाथ सापकोटा,पुरुष,58,98
3,35,1,P011,कृष्ण बहादुर तमाङ्ग,पुरुष,26,62
3,35,1,P006,मनोज कुमार पोख्रेल,पुरुष,43,55
3,35,1,P017,विर वहादुर गूरुड‍्ग,पुरुष,56,40
3,35,1,P000,श्रीराम कंडेल,पुरुष,50,23
3,35,1,P000,सींह बहादुर गोले,पुरुष,49,15
3,35,1,P000,केशव रेग्मी,पुरुष,25,14
3,35,2,P001,कृष्ण भक्त पोख्रेल,पुरुष,50,44670
3,35,2,P002,शेष नाथ अधिकारी,पुरुष,72,27314
3,35,2,P092,भुपेन्द्र राज बस्नेत,पुरुष,46,1245
3,35,2,P014,विनोद कुमार गुरुङ,पुरुष,39,473
3,35,2,P096,अमर के.सी क्षत्री,पुरुष,44,457
3,35,2,P113,तिवेन्द्र चापागाई,पुरुष,37,178
3,35,2,P012,विष्णु प्रसाद पौडेल,पुरुष,51,123
3,35,2,P000,विष्णु पौडेल,पुरुष,39,96
3,35,2,P029,रिता चौधरी,महिला,37,91
3,35,2,P006,गणेश गिरी,पुरुष,45,67
3,35,2,P011,रबिन कुमार प्रधान,पुरुष,32,58
3,35,2,P017,प्रदीप गुरुङ्ग,पुरुष,58,58
3,35,2,P055,खिम बहादुर थापा,पुरुष,53,50
3,35,2,P000,हिम नाथ घिमिरे,पुरुष,46,36
3,35,2,P000,केशव प्रसाद अधिकारी,पुरुष,43,15
3,35,3,P003,पुष्प कमल दाहाल {प्रचन्ड},पुरुष,61,48276
3,35,3,P097,विक्रम पाण्डे,पुरुष,64,38935
3,35,3,P022,डम्बर श्रेष्‍ठ,पुरुष,66,1587
3,35,3,P092,शरद राज पाठक,पुरुष,37,441
3,35,3,P000,हरी प्रसाद दाहाल,पुरुष,46,355
3,35,3,P113,टंक नाथ रेग्मी,पुरुष,53,256
3,35,3,P000,प्रवेश अधिकारी,पुरुष,30,140
3,35,3,P006,अजय ठाकुर हजाम,पुरुष,31,129
3,35,3,p091,डिल वहादुर विश्‍वकर्मा,पुरुष,61,106
3,35,3,P011,हरि प्रसाद दुवाल,पुरुष,33,23
3,35,3,P000,विजय राज घिमिरे,पुरुष,45,22
3,35,3,P000,टंक प्रसाद वास्तोला,पुरुष,46,11
3,35,3,P000,भगवती  प्रसाई,महिला,36,9
3,35,3,P000,भरत बोहरा,पुरुष,46,3
4,36,1,P003,हरि राज अधिकारी,पुरुष,49,29860
4,36,1,P002,चिनकाजी श्रेष्ठ,पुरुष,68,26643
4,36,1,P022,नारायण बाबु आचार्य,पुरुष,53,1639
4,36,1,P006,दिपेन्द्र गुरुङ,पुरुष,30,539
4,36,1,P092,अमृत पुडासेनी,पुरुष,33,256
4,36,1,P104,कृष्ण गोपाल बन्जारा,पुरुष,52,156
4,36,1,P017,आकाश राना मगर,पुरुष,32,110
4,36,1,P113,राम बहादुर नेपाली,पुरुष,37,81
4,36,2,P014,डा. बाबुराम भट्टराई,पुरुष,63,31807
4,36,2,P003,नारायण काजी श्रेष्‍ठ,पुरुष,58,24933
4,36,2,P059,देव प्रसाद प्रधान,पुरुष,37,180
4,36,2,P092,नवराज थापा,पुरुष,36,139
4,36,2,P055,नारायण बहादुर अर्याल,पुरुष,58,121
4,36,2,P017,सोम बहादुर गरुङ,पुरुष,35,115
4,36,2,P113,नारायण अधिकारी,पुरुष,39,89
4,36,2,P104,राम कृष्ण ढकाल,पुरुष,29,56
4,36,2,P011,गोविन्द सिंह बस्नेत,पुरुष,51,39
4,37,1,P001,पोल्देन छोपाङ गुरुङ्ग,पुरुष,58,2167
4,37,1,P002,टेक बहादुर गुरुङ,पुरुष,62,1919
4,38,1,P003,देव प्रसाद गुरुङ,पुरुष,59,39468
4,38,1,P002,दिल बहादुर घर्ती,पुरुष,65,31067
4,38,1,P000,निराजन कुवँर,पुरुष,30,1406
4,38,1,P000,द्धारीका प्रसाद मिश्र,पुरुष,50,732
4,38,1,P092,निर्देश सिलवाल,पुरुष,27,618
4,38,1,P014,देवेन्द्र पराजुली,पुरुष,47,602
4,38,1,P006,खेमजङ्ग गुरुङ,पुरुष,59,399
4,38,1,P055,यम बहादुर थापा मगर,पुरुष,51,103
4,38,1,P015,मेत्तर गुरुङ,पुरुष,50,92
4,38,1,P017,सोम बहादुर गुरुङ,पुरुष,25,64
4,38,1,P113,सुरेश चन्द्र न्यौपाने,पुरुष,34,29
4,39,1,P001,खगराज अधिकारी,पुरुष,55,39242
4,39,1,P002,यज्ञ बहादुर थापा,पुरुष,63,25826
4,39,1,P006,मन बहादुर गुरुङ्ग,पुरुष,60,786
4,39,1,P092,दिपक पौडेल,पुरुष,32,589
4,39,1,P073,चन्द्र बहादुर रानाभाट,पुरुष,57,346
4,39,1,P014,सौगात पोखरेल,पुरुष,28,234
4,39,1,P017,रियाज गुरुङ्ग,पुरुष,31,175
4,39,1,P113,टेक बहादुर गुरुङ,पुरुष,50,105
4,39,1,P012,मदन मुरारी घिमीरे,पुरुष,54,100
4,39,1,P059,पदम बहादुर गुरुङ्ग,पुरुष,64,73
4,39,1,p091,राजु परियार,पुरुष,40,10
4,39,2,P001,रविन्द्र प्रसाद अधिकारी,पुरुष,49,27207
4,39,2,P026,विधा भटटराई,महिला,47,24394
4,39,2,P002,देव राज चालिसे,पुरुष,57,18661
4,39,2,P002,खेम राज पौडेल,पुरुष,74,15991
4,39,2,P075,धर्मराज गुरुङ्ग,पुरुष,71,1922
4,39,2,P005,रोम बहादुर भण्डारी,पुरुष,70,1153
4,39,2,P092,रजनी के.सी.,महिला,44,942
4,39,2,P092,श्रीकृष्‍ण श्रेष्ठ,पुरुष,38,843
4,39,2,P022,टेकनाथ भण्डारी,पुरुष,43,539
4,39,2,P006,रत्‍न भट्टचन,महिला,63,340
4,39,2,P014,दिपक भण्डारी,पुरुष,40,283
4,39,2,P017,रियाज गुरुङ्ग,पुरुष,33,138
4,39,2,P017,ज्ञान राज गुरुङ्ग,पुरुष,48,130
4,39,2,P000,निर्मल खत्री,पुरुष,46,119
4,39,2,P012,दाल कुमारी खत्री,महिला,48,108
4,39,2,P005,श्रीमती गंगा मल्ल,महिला,63,95
4,39,2,P113,कर्ण बहादुर पुन,पुरुष,57,82
4,39,2,P000,जमुना शर्मा,महिला,31,77
4,39,2,p091,लक्ष्मी बिश्वकर्मा,महिला,51,65
4,39,2,P000,कमल जङ्ग कुँवर,पुरुष,47,61
4,39,2,P055,उमा दर्लामी,महिला,36,51
4,39,2,P022,टेकनाथ भण्डारी,पुरुष,45,51
4,39,2,P055,पुर्ण बहादुर राना,पुरुष,40,35
4,39,2,P073,चन्द्र बहादुर रानाभाट,पुरुष,59,28
4,39,2,P034,बाल कुमार राई,पुरुष,25,21
4,39,2,P000,नबराज बास्तोला,पुरुष,45,18
4,39,2,P000,सुनिल बहादुर कोइराला,पुरुष,46,11
4,39,2,P015,विर बहादुर विश्वकर्मा,पुरुष,47,11
4,39,2,P000,दिपक रेग्मी,पुरुष,33,5
4,39,2,P000,रन बहादुर दमै,पुरुष,56,4
4,39,2,P000,लक्ष्मी कुमारी भुजेल,महिला,52,4
4,39,2,P000,सुनिल भुसाल,पुरुष,26,4
4,39,2,P000,उम नाथ गौतम,पुरुष,66,1
4,39,2,P000,यज्ञ प्रसाद पंगेनी,पुरुष,44,1
4,39,3,P001,जगत बहादुर सुनार (विश्वकर्मा),पुरुष,43,32690
4,39,3,P002,शुक्रराज शर्मा,पुरुष,70,24304
4,39,3,P092,मिलन अधिकारी,पुरुष,25,827
4,39,3,P000,रमेश बसेल,पुरुष,27,735
4,39,3,P014,नारायण प्रसाद भण्डारी,पुरुष,39,476
4,39,3,P006,डिल बहादुर नेपाली,पुरुष,43,347
4,39,3,P012,हिम लाल गौतम,पुरुष,38,154
4,39,3,P017,गोविन्द बहादुर गजमेर,पुरुष,48,75
4,39,3,P113,भोज राज त्रिपाठी,पुरुष,45,50
4,39,3,p091,दुर्गा बहादुर कामी सुनार,पुरुष,54,21
4,39,3,P000,दुर्गा दत्त तिमिल्सिना,पुरुष,62,17
4,40,1,P001,कृष्ण कुमार श्रेष्ठ,पुरुष,49,34492
4,40,1,P002,रामचन्द्र पौडेल,पुरुष,73,27690
4,40,1,P022,मान बहादुर थापा,पुरुष,51,1231
4,40,1,P055,हस्त बहादुर किचिम थापा,पुरुष,65,457
4,40,1,P096,चेत मणि पाण्डेय,पुरुष,59,198
4,40,1,P012,श्री कुमार श्रेष्ठ,पुरुष,44,67
4,40,1,P113,सुन्दर लाल श्रेष्ठ,पुरुष,54,53
4,40,1,P000,दुर्गा बहादुर थापा,पुरुष,37,52
4,40,1,P033,बुद्धी बहादुर जि.सी.,पुरुष,68,40
4,40,1,P017,मिन बहादुर गुरुङ,पुरुष,27,34
4,40,1,P000,रेशम कुमार श्रेष्ठ,पुरुष,45,17
4,40,2,P001,केदार सिग्देल,पुरुष,54,32924
4,40,2,P002,शंकर भण्डारी,पुरुष,49,29645
4,40,2,P022,जित बहादुर परियार,पुरुष,56,1168
4,40,2,P055,पुर्ण बहादुर राना,पुरुष,38,800
4,40,2,P014,कृष्ण राज घिमिरे,पुरुष,59,206
4,40,2,P073,यम बहादुर आले,पुरुष,62,179
4,40,2,P012,नर बहादुर थापा,पुरुष,44,114
4,40,2,P017,शुक बहादुर थापा,पुरुष,36,93
4,40,2,P096,विजय कुमार शाही,पुरुष,51,80
4,40,2,P113,बाबुराम सुवेदी,पुरुष,57,56
4,41,1,P001,नारायण प्रसाद मरासिनी,पुरुष,49,39226
4,41,1,P002,राजु थापा,पुरुष,39,28662
4,41,1,P014,टिका राम पौडेल,पुरुष,45,264
4,41,1,P017,भिम बहादुर गुरुङ्ग,पुरुष,43,118
4,41,1,P055,वावु राम थापा,पुरुष,54,105
4,41,1,P012,गेम बहादुर हमाल,पुरुष,61,71
4,41,1,P000,चण्डी प्रसाद पौडेल,पुरुष,72,30
4,41,2,P001,पद्‍मा कुमारी अर्याल,महिला,48,35142
4,41,2,P002,गोपाल मान श्रेष्ठ,पुरुष,70,31436
4,41,2,P055,ईश्‍वर वहादुर राना,पुरुष,44,483
4,41,2,P012,राजेन्द्र प्रसाद गैह्रे,पुरुष,62,180
4,41,2,P017,रत्न बहादुर गुरुङ,पुरुष,56,143
4,41,2,P006,अर्जुन राना,पुरुष,38,133
4,41,2,P014,टीका राम रेग्मी,पुरुष,44,129
4,41,2,P073,राम भक्त भट्टराई,पुरुष,44,9
5,42,1,P001,प्रदिप कुमार ज्ञवाली,पुरुष,56,37814
5,42,1,P002,चन्द्रकान्त भण्डारी,पुरुष,56,30256
5,42,1,P012,छविलाल सर्तुङ्गी,पुरुष,49,267
5,42,1,P055,मधु मालती बुढाथोकी,महिला,53,110
5,42,1,P014,तेज वहादुर थापा,पुरुष,37,102
5,42,1,P113,केशव अधिकारी,पुरुष,36,97
5,42,1,P017,श्रीप्रसाद पुन,पुरुष,33,92
5,42,1,P006,दुर्गा बहादुर सर्तुङ्गे मगर,पुरुष,36,47
5,42,1,P000,दामोदर भण्डारी,पुरुष,39,40
5,42,1,P000,लक्ष्मण भण्डारी,पुरुष,41,19
5,42,1,P000,मिना नेपाली,महिला,45,5
5,42,2,P001,गोकर्ण राज विष्‍ट,पुरुष,52,34618
5,42,2,P002,चन्द्र बहादुर के.सी,पुरुष,61,20157
5,42,2,P012,रामेश्‍वर खत्री,पुरुष,72,453
5,42,2,P014,गणेश कुवँर,पुरुष,29,296
5,42,2,P017,पदम थापा मगर,पुरुष,40,193
5,42,2,P006,कृष्ण बहादुर सर्तुङी,पुरुष,29,73
5,42,2,P000,चुरामणि भण्‍डारी,पुरुष,56,27
5,42,2,P000,गिता पाण्डेय,महिला,38,22
5,42,2,P000,गीता पाण्डे,महिला,40,12
5,43,1,P001,दल बहादुर राना,पुरुष,58,32549
5,43,1,P002,विजय राज घिमिरे,पुरुष,49,23993
5,43,1,P017,तुलवीर दर्लामी,पुरुष,45,1086
5,43,1,P012,पहल सिं सिंजाली,पुरुष,59,226
5,43,1,P055,हरि देव थापा,पुरुष,49,121
5,43,1,P006,मान बहादुर काम्मु मगर,पुरुष,30,76
5,43,1,P000,चुरामणि पोखरेल,पुरुष,60,31
5,43,1,P000,बिनोद देवकोटा,पुरुष,33,26
5,43,1,P113,मान ध्वज श्रेष्‍ठ,पुरुष,69,25
5,43,1,P000,ध्रुव राज भण्डारी,पुरुष,54,15
5,43,1,P000,रमेश प्रसाद खनाल,पुरुष,42,8
5,43,2,P001,सोम प्रसाद पाण्डेय,पुरुष,62,34899
5,43,2,P002,हरि प्रसाद नेपाल,पुरुष,65,24554
5,43,2,P017,थम्मन बहादुर बुढा मगर,पुरुष,31,1005
5,43,2,P055,धन केशर सुर्यवंशी,पुरुष,60,794
5,43,2,P012,बाल बहादुर दर्लामी,पुरुष,32,569
5,43,2,P096,गोपाल बहादुर कुंवर क्षेत्री,पुरुष,50,145
5,43,2,P000,भुगोल प्रसाद वैजु श्रेष्ठ,पुरुष,53,81
5,43,2,P006,कुम बहादुर घर्ति मगर,पुरुष,53,65
5,43,2,P033,उम बहादुर सोमै,पुरुष,42,19
5,43,2,P000,होमनाथ न्‍यौपाने,पुरुष,69,11
5,44,1,P003,टोप बहादुर रायमाझी,पुरुष,56,50837
5,44,1,P002,डा. राम बहादुर वि.सी.,पुरुष,68,32544
5,44,1,P014,छन्द बहादुर पन्थी,पुरुष,41,580
5,44,1,P092,विष्‍णु प्रसाद  मिश्र,पुरुष,41,480
5,44,1,P096,भोजराज दमासे,पुरुष,45,178
5,44,1,P017,बिष्णु कुमार गुरुङ्ग,पुरुष,39,137
5,44,1,P000,डिल्लीराज भुसाल,पुरुष,75,136
4,45,1,P002,शशांक कोइराला,पुरुष,59,40620
4,45,1,P003,भविसोर पराजुली,पुरुष,42,36596
4,45,1,P092,हरि प्रसाद गौतम,पुरुष,35,1082
4,45,1,P014,कृष्ण प्रसाद शर्मा गौतम,पुरुष,43,843
4,45,1,P055,तिलक थापा मगर,पुरुष,61,711
4,45,1,P017,कुमार गुरुङ,पुरुष,32,634
4,45,1,P012,गोपाल गिरी,पुरुष,61,573
4,45,1,P113,पिताम्वर तिवारी,पुरुष,52,165
4,45,2,P001,तिल बहादुर महत क्षेत्री,पुरुष,53,39053
4,45,2,P002,विष्णु कुमार कार्की,पुरुष,54,37720
4,45,2,P055,सिंह बहादुर थापा,पुरुष,58,543
4,45,2,P029,ओम नारायण थनेत,पुरुष,41,296
4,45,2,P014,पिताम्वर महतो,पुरुष,31,278
4,45,2,P012,भागिरथ शर्मा,पुरुष,66,207
4,45,2,P006,फुल कुमारी पुर्जा पुन,महिला,66,79
4,45,2,P113,नारायण प्रसाद पंगेनी,पुरुष,38,69
4,45,2,P000,श्रीकान्त खरेल,पुरुष,37,32
4,45,2,P000,चिरञ्जिवी जि.सी.,पुरुष,41,26
4,45,2,P000,लक्ष्मी नारायण महतो,पुरुष,63,25
4,45,2,P000,बिन्दु काफ्ले,पुरुष,47,20
5,46,1,P001,छविलाल विश्वकर्मा,पुरुष,54,34752
5,46,1,P002,अब्दुल रजाक गद्दि,पुरुष,58,26885
5,46,1,P006,विद्या प्रसाद यादव,पुरुष,31,12764
5,46,1,P055,झम बहादुर गुरुङ्ग,पुरुष,61,3548
5,46,1,P029,चन्द्रभान तिवारी,पुरुष,49,2374
5,46,1,P096,जितेन्द्र प्रसाद थारु,पुरुष,36,998
5,46,1,P018,सुजीत चौधरी कुर्मी,पुरुष,30,582
5,46,1,P017,शिव बहादुर गुरुङ्ग,पुरुष,52,288
5,46,1,P012,वाला नन्द घिमीरे,पुरुष,61,166
5,46,1,P113,मोजीब अलि मुसलमान,पुरुष,34,101
5,46,1,P033,होम बहादुर् कर्मचार्य,पुरुष,74,94
5,46,1,P000,मंगल प्रसाद चौधरी,पुरुष,63,46
5,46,1,P000,मदन प्रसाद पोखरेल,पुरुष,57,31
5,46,1,P000,विष्णु प्रसाद न्यौपाने,पुरुष,46,25
5,46,1,P000,मुखतार अहमद गद्धी,पुरुष,48,20
5,46,2,P001,विष्‍णु प्रसाद पौडेल,पुरुष,57,44009
5,46,2,P002,युवराज गिरी,पुरुष,53,21946
5,46,2,P055,रुक बहादुर पुन,पुरुष,48,3568
5,46,2,P092,हरि कृष्ण अधिकारी,पुरुष,32,1323
5,46,2,P006,किरन गुप्ता,महिला,35,435
5,46,2,P014,मनिकर कार्की,पुरुष,32,411
5,46,2,P012,डिल्लि प्रसाद पाध्या,पुरुष,39,377
5,46,2,P113,दल बहादुर छन्‍त्‍याल राना,पुरुष,61,160
5,46,2,P096,लक्ष्मी  प्रसाद पाठक,पुरुष,47,120
5,46,2,P011,सुरेश परियार,पुरुष,26,57
5,46,2,P000,रुद्र प्रसाद घिमिरे,पुरुष,30,21
5,46,2,P000,मिन प्रसाद अर्याल,पुरुष,47,14
5,46,2,P000,ओम प्रसाद पाण्डेय,पुरुष,66,13
5,46,2,P000,प्रदिप जि.सी.,पुरुष,27,11
5,46,2,P000,बिर बहादुर तामाङ्ग,पुरुष,57,6
5,46,2,P000,खगुलाल गिरी,पुरुष,32,3
5,46,3,P001,घनश्याम भुसाल,पुरुष,56,32866
5,46,3,P097,दीपक बोहरा,पुरुष,66,27422
5,46,3,P006,महेन्द्र यादव,पुरुष,42,12536
5,46,3,P055,सुर्य कुमार सारु मगर,पुरुष,51,2409
5,46,3,P096,कमल प्रसाद शर्मा उपाध्याय,पुरुष,46,1856
5,46,3,P092,पार्थीवेन्द्र उपाध्‍याय,पुरुष,36,746
5,46,3,P000,वाचुन के सी,पुरुष,40,490
5,46,3,P000,आनन्द प्रसाद गुप्‍‍ता,पुरुष,62,457
5,46,3,P014,ओम प्रकाश विश्‍वकर्मा,पुरुष,66,343
5,46,3,P113,खेमराज मरासिनी,पुरुष,42,275
5,46,3,P000,नबाब मुसलमान,पुरुष,35,151
5,46,3,P012,भानु जी सी,महिला,45,135
5,46,3,P073,अमृत प्रसाद शर्मा भट्‍टराई,पुरुष,47,93
5,46,3,P108,अकालु कुम्हाल,पुरुष,35,55
5,46,3,P000,किरण बि.क.,पुरुष,29,36
5,46,3,P000,बिजय बहादुर यादव,पुरुष,38,31
5,46,3,P000,विनोद गैरे,पुरुष,31,27
5,46,3,P000,खेम लाल कडेल,पुरुष,36,20
5,46,3,P000,युव राज घिमिरे,पुरुष,43,16
5,46,3,P000,वीरेन्द्र वहादुर थापा,पुरुष,37,12
5,46,3,P000,दुर्गा प्रसाद पाण्‍डे,पुरुष,68,7
5,46,4,P002,प्रमोद कुमार यादव,पुरुष,38,31718
5,46,4,P029,सर्वेन्द्र नाथ शुक्ला,पुरुष,67,20416
5,46,4,P001,ओम प्रकाश यादव,पुरुष,37,4079
5,46,4,P006,ओम प्रकाश यादव,पुरुष,43,2306
5,46,4,P023,नारायण प्रसाद खरेल,पुरुष,47,748
5,46,4,P108,संजय कुमार मिश्र,पुरुष,46,491
5,46,4,P112,सुरेन्दर केवट,पुरुष,36,249
5,46,4,P096,अमिकामणी त्रिपाठी,पुरुष,34,220
5,46,4,P055,सुदर्शन यादव,पुरुष,47,217
5,46,4,P113,हसनरजा मुसलमान,पुरुष,47,135
5,46,4,P000,महेन्द्र नाथ सि‌ह राय,पुरुष,41,128
5,46,4,P033,अम्विका प्रसाद थैव,पुरुष,65,94
5,46,4,P000,अब्दुल जुबेर मुसलमान,पुरुष,64,90
5,46,4,P000,सुग्रीव कहाँर,पुरुष,61,49
5,46,4,P000,पूर्णवासी कुर्मी,पुरुष,43,42
5,46,4,P000,कान्ती लोध,महिला,37,28
5,46,5,P002,भरत कुमार शाहा,पुरुष,63,33088
5,46,5,P003,डिला राम आचार्य,पुरुष,57,20438
5,46,5,P006,मुहम्मद वकील मुसलमान,पुरुष,49,14121
5,46,5,P022,कृष्ण उपाध्या,पुरुष,52,1879
5,46,5,P055,भैर बहादुर थापा मगर,पुरुष,53,1657
5,46,5,P029,राजेन्द्र गुप्‍त,पुरुष,55,1337
5,46,5,P012,कृष्‍ण बम मल्ल,पुरुष,67,454
5,46,5,P108,अनिल अहमद खाँ,पुरुष,33,361
5,46,5,P113,ज्ञानेन्द्र प्रसाद पौडेल,पुरुष,53,216
5,46,5,P017,जन प्रसाद मिदुन,पुरुष,45,172
5,46,5,P096,सुर्य नाथ यादव,पुरुष,47,127
5,46,5,P014,बोम बहादुर दर्लामी मगर,पुरुष,47,95
5,46,5,P033,सन्तराम हरिजन,पुरुष,47,73
5,46,5,P011,हिम लाल पाण्‍डे,पुरुष,29,59
5,46,5,P000,सफि उल्लाह मुसलमान,पुरुष,45,45
5,46,5,P000,हरिशचन्द्र कलवार,पुरुष,45,38
5,46,5,P000,सन्तोष कुमार गुप्‍ता,पुरुष,40,35
5,46,5,P000,भोला नाथ वस्याल,पुरुष,37,33
5,46,5,P000,अव्वु हरेरा मुसलमान,पुरुष,51,31
5,47,1,P003,चक्रपाणी खनाल,पुरुष,55,29799
5,47,1,P002,दीप कुमार उपाध्याय,पुरुष,68,28853
5,47,1,P006,अब्दुल रशिद खाँ,पुरुष,51,11812
5,47,1,P014,दान बहादुर कुर्मी चौधरी,पुरुष,60,4689
5,47,1,P000,चेत नारायण उपाध्याय पंथी,पुरुष,38,2346
5,47,1,P055,घन बहादुर मिदुन थापा,पुरुष,69,822
5,47,1,P098,जित बहादुर चौधरी,पुरुष,52,815
5,47,1,P012,माधव भाट,पुरुष,36,717
5,47,1,P023,विनोद कुमार गुप्ता तेली,पुरुष,39,337
5,47,1,P113,निरज कुमार के. सी.,पुरुष,35,284
5,47,1,P108,सन्तोष कुमार पाण्डे,पुरुष,35,126
5,47,1,P000,तुफेल खाँ,पुरुष,38,102
5,47,1,P000,पून्य प्रसाद कुर्मि,पुरुष,48,89
5,47,1,P000,छबिलाल चमार,पुरुष,66,76
5,47,1,P000,चन्द्र कान्त शर्मा,पुरुष,63,58
5,47,1,P000,टेक बहादुर सुनार,पुरुष,49,32
5,47,1,P000,दुर्गा वहादुर सेन,पुरुष,61,30
5,47,2,P001,बृजेश कुमार गुप्‍त,पुरुष,46,35147
5,47,2,P002,सुरेन्द्र राज आचार्य,पुरुष,59,31566
5,47,2,P029,शत्रुघन बिलास सिंह कुर्मी,पुरुष,40,2048
5,47,2,P006,राम नेवास यादव,पुरुष,41,1774
5,47,2,P000,प्रदीप कुमार चौधरी कुर्मी,पुरुष,34,400
5,47,2,P012,लक्ष्मी कुमारी भण्डारी,महिला,46,242
5,47,2,P000,मोहम्‍मद समि मुसलमान,पुरुष,54,239
5,47,2,P014,इन्द्रमणी पौडेल,पुरुष,58,132
5,47,2,P096,कमला देवी श्रीवास्वत,महिला,70,96
5,47,2,P055,नरमायाँ थापा,महिला,37,84
5,47,2,P017,बुद्धि बहादुर सारु थापा,पुरुष,54,76
5,47,2,P113,शिव मंगल चौधरी,पुरुष,40,52
5,47,2,P000,कैलास प्रसाद अग्रहरी / बनिया,पुरुष,43,24
5,47,2,P000,निराजन सिंह चौधरी,पुरुष,34,18
5,47,2,P000,रन्जीत कुमार अग्रहरी,पुरुष,42,16
5,47,3,P002,अभिषेक प्रताप शाह,पुरुष,35,20001
5,47,3,P006,मंगल प्रसाद गुप्‍ता,पुरुष,72,15826
5,47,3,P001,ईश्वर दयाल मिश्र,पुरुष,51,14330
5,47,3,P018,एहसान अहमद खाँ,पुरुष,54,4999
5,47,3,P029,नरसिहं चौधरी,पुरुष,65,4987
5,47,3,P104,मंगल प्रसाद चौधरी,पुरुष,40,1073
5,47,3,P022,ओम नारायण चतुर्वेदी,पुरुष,46,645
5,47,3,P012,छन्द बहादुर के.सी,पुरुष,52,450
5,47,3,P113,अब्दुल सलाम खाँन,पुरुष,45,267
5,47,3,P014,इलियास मुसलमान,पुरुष,65,243
5,47,3,P017,टेक बहादुर पुन,पुरुष,59,227
5,47,3,P068,मीना विश्‍वकर्मा,महिला,44,178
5,47,3,P000,अनिल कुमार गुप्‍ता,पुरुष,52,140
5,47,3,P000,अब्दुल मोबिन मुसलमान,पुरुष,35,48
5,47,3,P000,अनुराग मणि त्रिपाठी,पुरुष,26,47
5,47,3,P000,आजाद अहमद खाँ,पुरुष,46,38
5,47,3,P000,आज्ञाराम कोरी,पुरुष,39,38
5,47,3,P000,साधना चौधरी,महिला,28,37
5,47,3,P000,रामरुप बढई,पुरुष,37,19
5,47,3,P000,अब्दुल हकिक मुसलमान,पुरुष,49,19
5,47,3,P000,राम केवल यादव,पुरुष,36,13
5,47,3,P000,यारीफ अली खाँ,पुरुष,32,12
4,48,1,P001,प्रेम प्रसाद तुलाचन,पुरुष,55,3317
4,48,1,P002,रोमी गौचन थकाली,पुरुष,58,2832
4,49,1,P001,भुपेन्द्र बहादुर थापा,पुरुष,50,23308
4,49,1,P002,खम बहादुर गर्बुजा,पुरुष,52,20980
4,49,1,P096,राम बहादुर शाही,पुरुष,59,309
4,49,1,P014,नारायण शर्मा,पुरुष,35,142
4,49,1,P017,रन बहादुर फगामी,पुरुष,54,113
4,49,1,P012,फौज बहादुर कार्की,पुरुष,46,97
4,49,1,P055,तिलक बहादुर थापा मगर,पुरुष,56,30
4,50,1,P001,सुर्य प्रसाद पाठक,पुरुष,41,33657
4,50,1,P002,चम्पा देवी खड्का,महिला,53,20616
4,50,1,P014,कृष्ण प्रसाद शर्मा,पुरुष,46,256
4,50,1,P022,निर बहादुर क्षेत्री,पुरुष,45,212
4,50,1,P006,महेन्‍द्र जी सी,पुरुष,30,115
4,50,1,P096,सुमन जंग राजभण्डारी,पुरुष,49,80
4,50,2,P003,देवेन्द्र पौडेल,पुरुष,52,28827
4,50,2,P002,नर बहादुर पुन,पुरुष,58,19905
4,50,2,P113,निल बहादुर पुन,पुरुष,64,586
4,50,2,P059,बाबुराम पाण्डे,पुरुष,41,262
4,50,2,P006,याम बहादुर घर्तीमगर,पुरुष,40,180
4,51,1,P001,पदम गिरी,पुरुष,40,39275
4,51,1,P002,अर्जुन प्रसाद जोशी,पुरुष,61,26819
4,51,1,P022,हरी हर थापा,पुरुष,47,599
4,51,1,P055,मन कुमारी पुन मगर,महिला,66,255
4,51,1,P012,गोविन्द प्रसाद पौडेल,पुरुष,53,234
4,51,1,P113,कुश्माखर भुसाल,पुरुष,38,88
4,51,1,P017,लाल कुमारी थापा राना,महिला,31,82
4,51,1,P014,यम बहादुर चोचाङ्गी पुन,पुरुष,37,81
4,51,1,P006,जीत बहादुर गुरुङ्ग,पुरुष,48,59
4,51,1,P096,तिल प्रसाद शर्मा पौडेल,पुरुष,59,36
4,51,1,P068,राजेन्द्र नेपाली,पुरुष,46,36
4,51,1,P000,विनोद कुँवर,पुरुष,26,7
4,51,1,P000,इन्दु देवी शर्मा,महिला,39,6
4,51,1,P000,तर्क बहादुर सुनार,पुरुष,39,5
5,52,1,P003,कमला रोका,महिला,41,10434
5,52,1,P002,हरिशंकर घर्ती मगर,पुरुष,61,4406
5,52,1,P014,जीतमान पुन,पुरुष,42,1489
5,52,1,P022,मोति राम खड्का,पुरुष,28,487
5,52,1,P017,रतन बहादुर बुढा,पुरुष,60,58
5,52,1,P012,चन्द्र प्रसाद शाही,पुरुष,39,52
5,53,1,P003,बर्षमान पुन,पुरुष,46,42084
5,53,1,P002,अमर सिह पुन,पुरुष,48,20337
5,53,1,P096,राम बहादुर वली क्षेत्री,पुरुष,59,1191
5,53,1,P012,मेख बहादुर विष्ट,पुरुष,42,656
5,53,1,P017,सरोज घर्तीमगर,पुरुष,26,305
5,53,1,P113,कुमार शाह,पुरुष,48,286
5,53,1,P006,साउने बुढा,पुरुष,41,276
5,53,1,P055,पुजा  परियार ,महिला,26,161
5,54,1,P012,दुर्गा पौडेल,महिला,46,47514
5,54,1,P002,डा .गोविन्द राज पोखरेल,पुरुष,50,31286
5,54,1,P022,माधव सिं के.सी.,पुरुष,47,2565
5,54,1,P113,केशर बहादुर गुरुङ,पुरुष,57,478
5,54,1,P014,घमान सिंह गुरुङ्ग,पुरुष,35,461
5,54,1,P096,खेमराज आचार्य,पुरुष,39,255
5,54,1,P017,मान बहादुर राना,पुरुष,31,87
6,55,1,P003,टेक बहादुर बस्नेत,पुरुष,52,40897
6,55,1,P002,राजेन्द्र बहादुर शाह,पुरुष,65,29767
6,55,1,P000,उमाकान्त शर्मा,पुरुष,56,2921
6,55,1,P022,बल वहादुर गिरी,पुरुष,45,2292
6,55,1,P096,गुरु प्रसाद भण्डारी,पुरुष,60,637
6,55,1,P055,खड्ग बहादुर पुन,पुरुष,48,539
6,55,1,P014,सुमन कुमार विश्वकर्मा,पुरुष,37,380
6,55,1,P012,ढकन प्रसाद शर्मा,पुरुष,38,282
5,56,1,P001,मेटमणि चौधरी,पुरुष,44,37908
5,56,1,P002,शुशिला चौधरी,महिला,49,24074
5,56,1,P012,कपिल देव खनाल,पुरुष,57,3784
5,56,1,P022,रेखा के.सी.,महिला,50,2012
5,56,1,P006,अशोक कुमार यादव,पुरुष,34,573
5,56,1,P073,अशोक खड्का,पुरुष,39,442
5,56,1,P014,होम प्रसाद शर्मा,पुरुष,45,401
5,56,1,P000,सुरेन्द्र चौधरी ,पुरुष,45,265
5,56,1,P109,लिलाराम चौधरी,पुरुष,58,85
5,56,1,P000,गौर सिंह महर,पुरुष,45,20
5,56,1,P000,परशुनारायण चौधरी,पुरुष,28,16
5,56,2,P003,कृष्‍ण बहादुर महरा,पुरुष,58,40042
5,56,2,P002,राजु खनाल,पुरुष,51,25897
5,56,2,P022,भोज वहादुर विश्वकर्मा,पुरुष,54,2204
5,56,2,P012,गणेश प्रसाद आचार्य,पुरुष,35,529
5,56,2,P014,गगन शाह,पुरुष,27,286
5,56,2,P055,ठाकुर रोका,पुरुष,40,229
5,56,2,P109,टेकमान बुढा,पुरुष,68,124
5,56,2,P000,बालाराम पौडेल,पुरुष,35,98
5,56,2,P017,दिलमाया बुचा,महिला,27,76
5,56,3,P001,हिराचन्द्र के.सी.,पुरुष,41,40287
5,56,3,P002,दिपक गिरी,पुरुष,55,33730
5,56,3,P022,हिमलाल चौधरी,पुरुष,64,1409
5,56,3,P012,कमला जि सी,महिला,55,540
5,56,3,P014,हरि प्रसाद रिजाल,पुरुष,40,272
5,56,3,P113,हिरामणी पौडेल,पुरुष,49,154
5,56,3,P000,यादव भण्डारी,पुरुष,29,48
5,56,3,P109,शेर बहादुर आले (मगर),पुरुष,68,27
5,56,3,P000,बाल कृष्ण शर्मा,पुरुष,40,26
5,56,3,P000,नर बहादुर वली,पुरुष,42,13
6,57,1,P001,धन बहादुर बुढा,पुरुष,42,11761
6,57,1,P002,अंगद कुमार बुढा,पुरुष,45,3167
6,57,1,P022,हर्क बहादुर ठकुल्ला,पुरुष,58,299
6,57,1,P055,अर्जुन बहादुर शाही,पुरुष,48,22
6,58,1,P001,गोपाल बहादुर बम,पुरुष,46,13034
6,58,1,P002,हस्‍त बहादुर मल्‍ल,पुरुष,62,9861
6,58,1,P014,राज बहादुर भाम,पुरुष,54,99
6,59,1,P003,गजेन्द्र बहादुर महत,पुरुष,49,22173
6,59,1,P002,देबेन्द्र बहादुर शाही,पुरुष,55,14149
6,59,1,P011,डिल्ली प्रसाद काफ्ले,पुरुष,56,2718
6,59,1,P096,विन बुढा,पुरुष,56,380
6,59,1,P006,अमित कुमार शाही,पुरुष,29,159
6,59,1,P000,हरिहर चौलागाई,पुरुष,32,152
6,60,1,P003,दुर्ग बहादुर रावत,पुरुष,48,21112
6,60,1,P002,भुपेन्द्र जंग शाही,पुरुष,35,16407
6,60,1,P011,ऐन बहादुर शाही,पुरुष,58,878
6,60,1,P022,डिल्ली प्रसाद चौलागाई,पुरुष,41,674
6,60,1,P012,मीन बहादुर शाही,पुरुष,38,238
6,60,1,P029,नरेन्द्र बहादुर शाही,पुरुष,41,126
6,60,1,P113,कर्ण बहादुर बुढा,पुरुष,38,121
6,60,1,P014,दान बहादुर सहकारी,पुरुष,41,114
6,61,1,P000,छक्क बहादुर लामा,पुरुष,58,8491
6,61,1,P002,मङगल बहादुर शाही,पुरुष,52,8444
6,61,1,P003,छिमी दोर्ची लामा,पुरुष,37,2856
6,61,1,P000,रण बहादुर सार्की,पुरुष,43,409
6,61,1,P014,तुल बहादुर शाही ,पुरुष,36,382
6,61,1,P006,काली बहादुर विक,पुरुष,36,166
6,61,1,P096,देबकी शाही,महिला,68,85
6,62,1,P003,शक्ति बहादुर वस्नेत,पुरुष,48,32281
6,62,1,P002,राजीव बिक्रम शाह,पुरुष,49,23289
6,62,1,P096,युद्ध विर सिंह,पुरुष,32,638
6,62,1,P006,रतन वहादुर बोहरा,पुरुष,63,335
6,62,1,P014,शेर बहादुर शाही,पुरुष,50,281
6,63,1,P001,रविन्द्र राज शर्मा,पुरुष,53,23773
6,63,1,P005,दीपक कुमार शाही,पुरुष,46,17252
6,63,1,P011,वम वहादुर सिंह,पुरुष,62,534
6,63,1,P096,किशोर कुमार सिहं,पुरुष,54,346
6,63,1,P012,पुर्ण वहादुर शाही,पुरुष,37,317
6,63,1,P000,गणेश बहादुर खड्का,पुरुष,75,315
6,63,1,P014,भरत कुमार के.सी.,पुरुष,35,156
6,63,1,P113,बम बहादुर शाही,पुरुष,35,137
6,63,2,P001,राजबहादुर बुढाक्षेत्री,पुरुष,51,23323
6,63,2,P002,शिवराज जोशी,पुरुष,67,16634
6,63,2,P011,जग्य बहादुर शाही,पुरुष,49,2647
6,63,2,P113,कृष्ण बहादुर गुरुड्ग,पुरुष,48,687
6,63,2,P012,भिम बहादुर बिष्ट,पुरुष,48,433
6,63,2,P014,हिम बहादुर कार्की,पुरुष,34,238
6,63,2,P092,कमलापति सुवेदी,पुरुष,56,97
6,64,1,P001,ध्रुवकुमार शाही,पुरुष,47,36759
6,64,1,P002,पूर्ण बहादुर खड्का,पुरुष,61,33377
6,64,1,P006,धन विर कामी,पुरुष,50,291
6,64,1,P012,मोहन थापा,पुरुष,48,290
6,64,1,P096,चक्र बहादुर नेपाली,पुरुष,64,139
6,64,1,P014,रेशम कुमार राना,पुरुष,39,137
6,64,1,P017,देब बहादुर पुन मगर,पुरुष,53,72
6,64,1,P011,जीवन कुमार शाक्य,पुरुष,63,52
6,64,1,P092,रम्मा आचार्य,महिला,27,36
6,64,2,P001,नवराज रावत,पुरुष,53,37447
6,64,2,P002,हृदयराम थानी,पुरुष,57,28646
6,64,2,P017,नर वहादुर दर्लामी मगर,पुरुष,26,799
6,64,2,P092,गोविन्द प्रसाद आचार्य,पुरुष,56,740
6,64,2,P096,इन्द्र बहादुर खड्का,पुरुष,48,426
6,64,2,P014,प्रचण्ड कुमार पोखरेल,पुरुष,36,303
6,64,2,P012,कृष्ण कुमारी रावल,महिला,43,254
6,64,2,P011,वम बहादुर शाही,पुरुष,61,251
6,64,2,P113,खडानन्द लामिछाने,पुरुष,46,77
6,64,2,p091,कालुसिह नेपाली,पुरुष,56,47
5,65,1,P003,महेश्‍वर जंग गहतराज (अथक),पुरुष,46,31173
5,65,1,P002,माधव राम खत्री,पुरुष,48,28217
5,65,1,P006,लाल बहादुर शाह,पुरुष,51,4588
5,65,1,P096,पंकज कुमार शर्मा,पुरुष,28,626
5,65,1,P092,कुशल अधिकारी,पुरुष,30,393
5,65,1,P014,बुध बहादुर सुनार,पुरुष,40,381
5,65,1,P012,कमला खड्का,महिला,39,334
5,65,1,P011,खडग  राज  थापा ,पुरुष,36,210
5,65,1,P055,सोनु गुरुङ्ग,महिला,35,175
5,65,1,P113,ऋषि राम थारु,पुरुष,65,146
5,65,2,P006,मोहम्मद ईश्तियाक राई,पुरुष,38,21575
5,65,2,P001,पशुपति दयाल मिश्रा,पुरुष,57,15951
5,65,2,P005,ओम प्रकाश आजाद,पुरुष,61,11622
5,65,2,P029,बिजय कूमार गुप्ता,पुरुष,65,1497
5,65,2,P000,लिलौ दर्जी,पुरुष,68,683
5,65,2,P096,तेज नारायण कडेल,पुरुष,31,679
5,65,2,P092,नगेन्द्र कुँवर,पुरुष,50,620
5,65,2,P000,शिव बहादुर डोटेल,पुरुष,49,485
5,65,2,P014,वेद प्रसाद आचार्य,पुरुष,64,282
5,65,2,P000,भिम बहादुर तामाङ्ग,पुरुष,50,198
5,65,2,P012,कृष्ण राज पाण्डेय,पुरुष,38,189
5,65,2,P104,मुनब्बर अली हलवाई,पुरुष,53,174
5,65,2,P113,मदन सिंह अधिकारी,पुरुष,46,114
5,65,2,P011,दल बहादुर परियार,पुरुष,51,74
5,65,2,P055,धन सिंह राना मगर,पुरुष,65,74
5,65,2,P000,महमूद आलम सिद्धिकी,पुरुष,52,31
5,65,2,P000,अब्दुल हाकिम हलवाई,पुरुष,34,25
5,65,3,P001,नन्द लाल रोका क्षेत्री,पुरुष,68,31601
5,65,3,P002,बादशाह कुर्मि,पुरुष,59,26617
5,65,3,P006,मनोज कुमार दिक्षित,पुरुष,41,2737
5,65,3,P029,महमुदुल हसन अन्सारी,पुरुष,39,1711
5,65,3,P012,मान बहादुर भण्डारी,पुरुष,42,340
5,65,3,P113,मुकुन्द सिहं वली,पुरुष,37,227
5,65,3,P014,विरेन्द्र प्रकाश पुन,पुरुष,30,205
5,65,3,P011,नगेन्द्र बहादुर बुढाक्षेत्री,पुरुष,31,125
5,66,1,P002,संजय कुमार गौतम,पुरुष,54,44829
5,66,1,P001,वामदेव गौतम,पुरुष,69,44076
5,66,1,P022,नर बहादुर बोहरा,पुरुष,48,2372
5,66,1,P006,काशीम अली सिद्धिकी,पुरुष,66,697
5,66,1,P014,केशव राज पौडेल,पुरुष,55,455
5,66,1,P096,राम चरण थारु,पुरुष,59,249
5,66,1,p091,मेघ बहादुर कामी,पुरुष,44,206
5,66,1,P012,लोक बहादुर राना मगर,पुरुष,45,163
5,66,1,P011,हरिलाल न्यौपाने,पुरुष,64,128
5,66,1,P092,चन्द्र कान्त शर्मा ढकाल,पुरुष,69,118
5,66,1,P000,नव राज अधिकारी,पुरुष,47,99
5,66,1,P113,लोक राज जैसी (जोशी),पुरुष,30,70
5,66,1,P055,लक्ष्मी महतरा,महिला,45,43
5,66,2,P003,सन्त कुमार थारु,पुरुष,48,50555
5,66,2,P002,गोपाल दहित,पुरुष,50,36735
5,66,2,P014,मोहन लाल चौधरी,पुरुष,45,456
5,66,2,P006,अनिरुध्या आर्य,पुरुष,39,227
5,66,2,P012,रतन सिं रावत,पुरुष,52,197
5,66,2,P113,खडक बहादुर मल्ल,पुरुष,66,162
5,66,2,P011,चोलाराम जैसी,पुरुष,48,145
5,66,2,p091,हातीबल कामी,पुरुष,66,123
7,67,1,P001,लाल बहादुर थापा,पुरुष,50,28065
7,67,1,P002,कवि राज पण्डित,पुरुष,48,23181
7,67,1,P014,दिलीप कुमार शाही,पुरुष,42,465
7,68,1,P001,भीम वहादुर रावल,पुरुष,61,24893
7,68,1,P002,भरत कुमार स्वाँर,पुरुष,62,17689
7,68,2,P001,यज्ञ बहादुर बोगटी,पुरुष,41,21965
7,68,2,P002,पुष्प बहादुर शाह,पुरुष,56,19106
7,68,2,P011,झंकर बहादुर शाही,पुरुष,35,173
7,69,1,P001,भैरव  बहादुर  सिंह,पुरुष,58,34602
7,69,1,P002,पृथ्वी बहादुर सिंह,पुरुष,57,26910
7,69,1,P006,भीम बहादुर थापा,पुरुष,61,527
7,69,1,P092,मिन बहादुर सिंह,पुरुष,61,497
7,69,1,P014,जोगी बहादुर कुवर,पुरुष,30,454
7,69,1,P113,धरणीधर नाथ,पुरुष,58,291
7,69,1,P012,कल्पना भण्डारी,महिला,29,51
7,70,1,P001,प्रेम वहादुर आले,पुरुष,46,32510
7,70,1,P002,विर बहादुर बलायर,पुरुष,52,30878
7,70,1,P012,वेणी माधव जोशी,पुरुष,57,672
7,70,1,P006,श्री चन्द्र श्रेष्‍ठ,पुरुष,55,574
7,70,1,P092,पुस्कर कुँवर,पुरुष,33,303
7,70,1,p091,उमेश टेलर,पुरुष,51,176
7,71,1,P029,रेशम लाल चौधरी,पुरुष,40,34341
7,71,1,P001,मदन कुमारी शाह,महिला,48,13406
7,71,1,P002,ईश्वरी न्यौपाने,महिला,57,11203
7,71,1,P006,भगत राम थारु (चौधरी),पुरुष,47,678
7,71,1,P014,बसन्त राज खत्री,पुरुष,48,335
7,71,1,P092,लोक बहादुर बुढा क्षेत्री,पुरुष,35,240
7,71,1,P113,मया राम आचार्य,पुरुष,53,121
7,71,1,P012,तिल बहादुर दमाई,पुरुष,41,103
7,71,1,P000,सन्जीव भट्टराई,पुरुष,29,88
7,71,1,p091,शेर सिंह विश्वकर्मा,पुरुष,36,80
7,71,1,P011,धन बहादुर मगर,पुरुष,65,68
7,71,1,P000,तिलक बहादुर भण्‍डारी,पुरुष,47,28
7,71,2,P001,झपट बहादुर रावल,पुरुष,42,25157
7,71,2,P002,मोहन सिंह राठौर,पुरुष,64,23313
7,71,2,P029,राम प्रसाद चौधरी,पुरुष,45,5967
7,71,2,P014,नृप बहादुर थ्यायत,पुरुष,37,444
7,71,2,P011,रमेश कुमार रावल,पुरुष,40,299
7,71,2,P012,मन बहादुर शाही,पुरुष,43,109
7,71,3,P003,गौरी शंकर चौधरी,पुरुष,35,24879
7,71,3,P002,राम जनम चौधरी,पुरुष,57,20494
7,71,3,P029,मिना चौधरी,महिला,31,4044
7,71,3,P022,परेक बहादुर रावल,पुरुष,47,3255
7,71,3,P014,डिल्ली राज जैशी,पुरुष,40,1917
7,71,3,P096,प्रेम राज चौधरी,पुरुष,38,1197
7,71,3,P006,भानुराम डगौरा थारु,पुरुष,62,822
7,71,3,P092,दिपक गौतम,पुरुष,36,390
7,71,3,P012,मेर्जन बहादुर शाही,पुरुष,34,244
7,71,4,P003,लेख राज भट्ट,पुरुष,58,31359
7,71,4,P002,सुनिल कुमार भण्डारी,पुरुष,68,20960
7,71,4,P000,गीता क्षेत्री,महिला,64,3173
7,71,4,P012,लक्षिराम आचार्य,पुरुष,33,1107
7,71,4,P092,विनोद मल्ल,पुरुष,32,711
7,71,4,P014,खडक बहादुर साउँद,पुरुष,58,448
7,71,4,P113,टंक प्रसाद कोइराला,पुरुष,54,302
7,71,5,P001,नारद मुनि राना,पुरुष,45,27202
7,71,5,P002,आरजु राणा देउवा,महिला,55,22322
7,71,5,P029,लक्ष्मण चौधरी,पुरुष,42,6747
7,71,5,P092,दिनेश राज भण्‍डारी,पुरुष,44,2722
7,71,5,P012,गोर बहादुर कामी,पुरुष,49,245
7,71,5,P006,सुरेन्द्र यादव,पुरुष,31,203
7,71,5,P011,नन्दा कुमारी दर्लामीमगर (राना),महिला,32,63
7,71,5,P113,विन्तीराम चौधरी,पुरुष,49,60
7,71,5,P055,मनी राम चौलागाई,पुरुष,38,50
7,72,1,P001,गणेश सिंह ठगुन्ना,पुरुष,48,28998
7,72,1,P002,बिक्रम सिंह धामी,पुरुष,54,22233
7,72,1,P000,धन बहादुर कुंवर,पुरुष,41,610
7,72,1,P014,जितेन्द्र सिंह महरा,पुरुष,34,308
7,72,1,P012,मनवीर दमाई,पुरुष,54,51
7,73,1,P001,दामोदर भण्डारी,पुरुष,43,39524
7,73,1,P002,नर बहादुर चन्द,पुरुष,55,28291
7,73,1,P096,त्रिलोक बहादुर चन्द,पुरुष,41,538
7,73,1,P092,नारायण दत्त अवस्थी,पुरुष,33,467
7,73,1,P012,बिरेन्द्र सिह भण्डारी,पुरुष,33,302
7,74,1,P002,शेर बहादुर देउवा,पुरुष,72,28446
7,74,1,P003,खग राज भट्ट,पुरुष,42,21498
7,74,1,P074,लक्ष्मी दत्त भट्ट,पुरुष,30,857
7,74,1,P000,कर्ण सिंह रावल,पुरुष,80,140
7,74,1,P012,लाल बहादुर जाग्री,पुरुष,43,103
7,74,1,p091,रमेश टमटा,पुरुष,45,83
7,75,1,P003,बीना मगर,महिला,33,38467
7,75,1,P002,दिवान सिंह बिष्‍ट,पुरुष,55,19219
7,75,1,P012,लोकेन्द्र प्रसाद लम्साल,पुरुष,48,871
7,75,1,P029,पल्टु राना,पुरुष,45,690
7,75,1,P092,लक्ष्‍मी नारायण चौधरी,पुरुष,47,480
7,75,1,P014,अमर सिह‌ विष्ट,पुरुष,38,297
7,75,1,P006,मकर बहादुर थापा,पुरुष,48,124
7,75,1,P000,रुपा देवी बिष्‍ट,महिला,42,78
7,75,1,P000,निरा देवी शाही,महिला,25,37
7,75,2,P001,नर बहादुर धामी,पुरुष,38,33220
7,75,2,P002,नारायण प्रकाश साउद,पुरुष,55,24893
7,75,2,P113,चन्द्र वहादुर डगौरा,पुरुष,50,459
7,75,2,P012,राम बहादुर कार्की,पुरुष,41,303
7,75,2,P092,सुशील प्रसाद बडू,पुरुष,33,280
7,75,2,P029,राज्य लक्ष्मी राना,महिला,44,264
7,75,2,p091,राकेश बहादुर लुहार,पुरुष,37,66
7,75,2,P073,चक्र देव जोशी,पुरुष,53,39
7,75,3,P001,दीपक प्रकाश भट्ट,पुरुष,45,26364
7,75,3,P002,रमेश लेखक,पुरुष,53,26106
7,75,3,P092,दिपेन्द्र कार्की,पुरुष,35,303
7,75,3,P014,जनक सिंह साउद,पुरुष,35,210
7,75,3,P029,रुवी जैरु [ सार्की ],महिला,25,196
7,75,3,P012,लाल बहादुर कुँवर,पुरुष,36,171
7,75,3,P006,मोहन बहादुर शाही,पुरुष,51,101
7,75,3,p091,महेश तिरुवा,पुरुष,32,39
7,75,3,P000,हिरा सिंह विष्‍ट,पुरुष,51,39
5,77,1,P001,हृदयेश त्रिपाठी,पुरुष,58,38592
5,77,1,P002,देवकरण प्रसाद कलवार,पुरुष,64,33591
5,77,1,P055,सुमित्रा थापा,महिला,38,1193
5,77,1,P029,अरुण कुमार सिं‌ह घर्ति (क्षेत्री),पुरुष,50,907
5,77,1,P092,हेमन्त राज न्यौपाने,पुरुष,37,374
5,77,1,P006,नरेन्द्र गोसाइ,पुरुष,44,317
5,77,1,P000,धर्म चौधरी,पुरुष,29,229
5,77,1,P113,रामचन्द्र पोख्रेल,पुरुष,58,156
5,77,1,P014,बाबुराम चमार,पुरुष,45,142
5,77,1,P012,शोभा देवी लामीछाने,महिला,37,113
5,77,1,P088,वालचन चमार,पुरुष,37,73
5,77,1,P000,निलकण्ठ पौडेल,पुरुष,47,35
5,77,1,P000,राम प्रसाद भेडिहार,पुरुष,61,33
5,77,1,P000,अलियास मिया,पुरुष,65,18
5,77,1,P000,चिज कुमार श्रेष्ठ,पुरुष,56,9
5,77,2,P002,देवेन्‍द्र राज क‌ंडेल,पुरुष,60,34130
5,77,2,P003,घनश्‍याम यादव अहिर,पुरुष,48,23898
5,77,2,P029,गोविन्‍द प्रसाद चौधरी,पुरुष,57,16928
5,77,2,P006,विरेन्द्र प्रसाद चौधरी,पुरुष,46,1136
5,77,2,P014,चिनक कुर्मी,पुरुष,51,641
5,77,2,P055,बल बहादुर तिलिजा पुन,पुरुष,74,562
5,77,2,P018,जितेन्द्र गुप्ता,पुरुष,30,235
5,77,2,P012,तिला बहादुर सुर्यवैशी,पुरुष,50,213
5,77,2,P113,प्रेम लाल रिमाल,पुरुष,70,103
5,77,2,P112,अमर धोवी ,पुरुष,29,35
5,77,2,P000,जुना कुमारी कँडेल,महिला,36,35
6,78,1,P003,जनार्दन शर्मा,पुरुष,54,34402
6,78,1,P002,गोपाल जी जङ्ग शाह,पुरुष,68,15659
6,78,1,P022,कल बहादुर नाथ,पुरुष,40,783
6,78,1,P014,सरुण वाँठा मगर,पुरुष,49,624
6,78,1,P006,जगत बहादुर चन्द,पुरुष,33,256
6,78,1,P012,खडकसिं खड्का,पुरुष,43,191
